<?xml version="1.0" encoding="utf-8"?>
<eml:eml xmlns:eml="eml://ecoinformatics.org/eml-2.1.1" xmlns:xsi="http://www.w3.org/2001/XMLSchema-instance"
         xsi:schemaLocation="eml://ecoinformatics.org/eml-2.1.1 http://rs.gbif.org/schema/eml-gbif-profile/1.2/eml.xsd"
packageId="137fbdbd-3c31-4fba-b6b6-4489ad39a6c4"  system="http://gbif.org" scope="system"
xml:lang="en">

    <dataset>
            <alternateIdentifier>10.15468/htttws</alternateIdentifier>
                <alternateIdentifier>b03eb233-f072-4a12-b9a6-58c2ac0fae36</alternateIdentifier>
        <title>Natural History Museum Aarhus Malacology Collection</title>
            <metadataProvider>
            <individualName>
<givenName>Hans Viborg</givenName>                    <surName>Kristensen</surName>
            </individualName>
<organizationName>Natural History Museum Aarhus</organizationName><positionName>Collections manager</positionName><phone>+45 40 27 13 73</phone><electronicMailAddress>hans@nathist.dk</electronicMailAddress><onlineUrl>https://www.naturhistoriskmuseum.dk/om-museet/medarbejdere/videnskab/hans-viborg-kristensen</onlineUrl>            </metadataProvider>
            <associatedParty>
            <individualName>
<givenName>Kent</givenName>                    <surName>Olsen</surName>
            </individualName>
<organizationName>Natural History Museum Aarhus</organizationName><positionName>Curator</positionName><phone>+45 40 27 20 30</phone><electronicMailAddress>kent@molslab.dk</electronicMailAddress><onlineUrl>https://www.naturhistoriskmuseum.dk/natural-history-museum-aarhus/about/employees/videnskabelige-medarbejdere/kent-olsen</onlineUrl>            <role>CURATOR</role>
            </associatedParty>
            <associatedParty>
            <individualName>
<givenName>Fedor Alexander</givenName>                    <surName>Steeman</surName>
            </individualName>
<organizationName>Natural History Museum of Denmark</organizationName><positionName>Data Coordinator</positionName>            <address>
<deliveryPoint>Universitetsparken 15</deliveryPoint><city>Copenhagen</city><administrativeArea>Capital Region of Denmark</administrativeArea><postalCode>2100</postalCode><country>DENMARK</country>            </address>
<phone>+45 22369539</phone><electronicMailAddress>fedor.steeman@snm.ku.dk</electronicMailAddress><onlineUrl>https://snm.ku.dk/english/</onlineUrl>            <userId directory="http://orcid.org/">0000-0002-2153-8104</userId>
            <role>DISTRIBUTOR</role>
            </associatedParty>
            <pubDate>
                2023-01-16
            </pubDate>
        <language>ENGLISH</language>
            <abstract>
                    <para>The malacology collection at the Natural History Museum of Aarhus, Denmark contains more than 40.000 specimens (Corresponds to about 250.000 individuals) of dry preserved shells of mollusks collected globally. The collection represents nearly 10.000 species from terrestrial, marine and freshwater habitats including specimen collected at Danish expeditions such as the Ingolf expedition in 1895-1896 and the Galathea expeditions in 1845-1847 and 1950-1952. The malacology collection was fully digitized in 2019.</para>
            </abstract>
                <keywordSet>
                        <keyword>Aarhus</keyword>
                        <keyword>Bivalvia</keyword>
                        <keyword>malacology</keyword>
                        <keyword>Denmark</keyword>
                        <keyword>molluscs</keyword>
                        <keyword>invertebrate</keyword>
                        <keyword>Gastropoda</keyword>
                        <keyword>gastropods</keyword>
                        <keyword>Mollusca</keyword>
                        <keyword>bivalves</keyword>
                        <keyword>zoology</keyword>
                        <keywordThesaurus>n/a</keywordThesaurus>
                </keywordSet>
                <keywordSet>
                        <keyword>Specimen</keyword>
                        <keywordThesaurus>GBIF Dataset Subtype Vocabulary: http://rs.gbif.org/vocabulary/gbif/dataset_subtype.xml</keywordThesaurus>
                </keywordSet>
                <keywordSet>
                        <keyword>Occurrence</keyword>
                        <keywordThesaurus>GBIF Dataset Type Vocabulary: http://rs.gbif.org/vocabulary/gbif/dataset_type.xml</keywordThesaurus>
                </keywordSet>
            <intellectualRights>
                    <para>This work is licensed under a <ulink url="http://creativecommons.org/licenses/by/4.0/legalcode"><citetitle>Creative Commons Attribution (CC-BY) 4.0 License</citetitle></ulink>.</para>
            </intellectualRights>

    </dataset>

    <additionalMetadata>
        <metadata>
            <gbif>
                <dateStamp>2023-01-20T19:55:33Z</dateStamp>
                <citation>Natural History Museum Aarhus (2023). Natural History Museum Aarhus Malacology Collection. Occurrence dataset https://doi.org/10.15468/htttws accessed via GBIF.org on 2023-01-20.</citation>
            </gbif>
        </metadata>
    </additionalMetadata>

</eml:eml>
