<?xml version="1.0" encoding="utf-8"?>
<eml:eml xmlns:eml="eml://ecoinformatics.org/eml-2.1.1" xmlns:xsi="http://www.w3.org/2001/XMLSchema-instance"
         xsi:schemaLocation="eml://ecoinformatics.org/eml-2.1.1 http://rs.gbif.org/schema/eml-gbif-profile/1.2/eml.xsd"
packageId="5a6977c1-ece6-44b8-b71d-43cb1d4e0919"  system="http://gbif.org" scope="system"
xml:lang="en">

    <dataset>
            <alternateIdentifier>10.15468/lyw1fq</alternateIdentifier>
                <alternateIdentifier>http://ipt.vertnet.org:8080/ipt/resource?r=dmns_inv</alternateIdentifier>
                <alternateIdentifier>http://ipt.vertnet.org:8080/ipt/resource.do?r=dmns_inv</alternateIdentifier>
                <alternateIdentifier>5a6977c1-ece6-44b8-b71d-43cb1d4e0919</alternateIdentifier>
        <title>DMNS Marine Invertebrate Collection (Arctos)</title>
            <creator>
            <individualName>
<givenName>Paula</givenName>                    <surName>Cushing</surName>
            </individualName>
<organizationName>Denver Museum of Nature &amp; Science</organizationName><positionName>Curator of Invertebrate Zoology</positionName>            <address>
<deliveryPoint>2001 Colorado Blvd.</deliveryPoint><city>Denver</city><administrativeArea>CO</administrativeArea><postalCode>80205-5798</postalCode><country>UNITED_STATES</country>            </address>
<phone>+01 303-370-6442</phone><electronicMailAddress>paula.cushing@dmns.org</electronicMailAddress><onlineUrl>https://www.dmns.org/science/zoology/staff/paula-cushing/</onlineUrl>            </creator>
            <metadataProvider>
            <individualName>
<givenName>Paula</givenName>                    <surName>Cushing</surName>
            </individualName>
<organizationName>Denver Museum of Nature &amp; Science</organizationName><positionName>Curator of Invertebrate Zoology</positionName>            <address>
<deliveryPoint>2001 Colorado Blvd.</deliveryPoint><city>Denver</city><administrativeArea>CO</administrativeArea><postalCode>80205-5798</postalCode><country>UNITED_STATES</country>            </address>
<phone>+01 303-370-6442</phone><electronicMailAddress>paula.cushing@dmns.org</electronicMailAddress><onlineUrl>https://www.dmns.org/science/zoology/staff/paula-cushing/</onlineUrl>            </metadataProvider>
            <associatedParty>
            <individualName>
<givenName>David</givenName>                    <surName>Bloom</surName>
            </individualName>
<positionName>VertNet Coordinator</positionName><electronicMailAddress>dbloom@vertnet.org</electronicMailAddress>            <role>PROGRAMMER</role>
            </associatedParty>
            <associatedParty>
            <individualName>
<givenName>John</givenName>                    <surName>Wieczorek</surName>
            </individualName>
<organizationName>Museum of Vertebrate Zoology at UC Berkeley</organizationName><positionName>Information Architect</positionName><electronicMailAddress>tuco@berkeley.edu</electronicMailAddress>            <role>PROGRAMMER</role>
            </associatedParty>
            <associatedParty>
            <individualName>
<givenName>Dusty</givenName>                    <surName>McDonald</surName>
            </individualName>
<organizationName>University of Alaska Museum</organizationName><positionName>Arctos Database Programmer</positionName><electronicMailAddress>dlmcdonald@alaska.edu</electronicMailAddress><onlineUrl>http://arctos.database.museum</onlineUrl>            <role>POINT_OF_CONTACT</role>
            </associatedParty>
            <associatedParty>
            <individualName>
<givenName>Phyllis</givenName>                    <surName>Sharp</surName>
            </individualName>
<organizationName>Denver Museum of Nature &amp; Science</organizationName><positionName>Departmental Associate</positionName>            <address>
<deliveryPoint>2001 Colorado Blvd.</deliveryPoint><city>Denver</city><administrativeArea>CO</administrativeArea><postalCode>80205-5798</postalCode><country>UNITED_STATES</country>            </address>
<phone>+01 720-273-2764</phone><electronicMailAddress>sharpphyl@gmail.com</electronicMailAddress>            <role>POINT_OF_CONTACT</role>
            </associatedParty>
            <associatedParty>
            <individualName>
<givenName>Bryan</givenName>                    <surName>Johnson</surName>
            </individualName>
<organizationName>Denver Museum of Nature &amp; Science</organizationName><positionName>Departmental Associate</positionName>            <address>
<deliveryPoint>2001 Colorado Blvd.</deliveryPoint><city>Denver</city><administrativeArea>CO</administrativeArea><postalCode>80205-5798</postalCode><country>UNITED_STATES</country>            </address>
<phone>+01 303-842-3159</phone><electronicMailAddress>spiralsofthenautilus@gmail.com</electronicMailAddress>            <role>POINT_OF_CONTACT</role>
            </associatedParty>
            <associatedParty>
            <individualName>
<givenName>Andrew</givenName>                    <surName>Doll</surName>
            </individualName>
<organizationName>Denver Museum of Nature &amp; Science</organizationName><positionName>Assistant Collections Manager, Department of Zoology</positionName>            <address>
<deliveryPoint>2001 Colorado Blvd.</deliveryPoint><city>Denver</city><administrativeArea>CO</administrativeArea><postalCode>80205-5798</postalCode><country>UNITED_STATES</country>            </address>
<phone>303-370-8387</phone><electronicMailAddress>andrew.doll@dmns.org</electronicMailAddress><onlineUrl>https://www.dmns.org/science/zoology/staff/andrew-doll/</onlineUrl>            <role>POINT_OF_CONTACT</role>
            </associatedParty>
            <pubDate>
                2023-01-01
            </pubDate>
        <language>ENGLISH</language>
            <abstract>
                    <para>The Denver Museum of Nature &amp;amp; Science Marine Invertebrate Collection dates to the early 1900s. It is a diverse collection of worldwide specimens, the largest portion being marine shells. It also has specimens of echinoderms, corals, sponges, crustaceans, and other invertebrates. Despite its name, it includes a substantial collection of land and freshwater snail shells. The collection contains nearly 50,000 lots, of which more than half are databased in Arctos with more being added to the database each week. More than half of the databased lots are geolocated, and over 1,000 specimen records have images. 

Specimens in the collection represent nearly 6,000 species in over 450 families. Specimens come from over 150 countries with the majority from the United States and most of those from Florida and Hawaii.   All specimens have been donated to the Museum by shell collectors, including many self-collected specimens.</para>
            </abstract>
                <keywordSet>
                        <keyword>Occurrence</keyword>
                        <keywordThesaurus>GBIF Dataset Type Vocabulary: http://rs.gbif.org/vocabulary/gbif/dataset_type.xml</keywordThesaurus>
                </keywordSet>
                <keywordSet>
                        <keyword>Specimen</keyword>
                        <keywordThesaurus>GBIF Dataset Subtype Vocabulary: http://rs.gbif.org/vocabulary/gbif/dataset_subtype.xml</keywordThesaurus>
                </keywordSet>
                <keywordSet>
                        <keyword>Occurrence</keyword>
                        <keywordThesaurus>GBIF Dataset Type Vocabulary: http://rs.gbif.org/vocabulary/gbif/dataset_type_2015-07-10.xml</keywordThesaurus>
                </keywordSet>
            <intellectualRights>
                    <para>This work is licensed under a <ulink url="http://creativecommons.org/licenses/by-nc/4.0/legalcode"><citetitle>Creative Commons Attribution Non Commercial (CC-BY-NC) 4.0 License</citetitle></ulink>.</para>
            </intellectualRights>
            <distribution scope="document">
                <online>
                    <url function="information">https://www.dmns.org/science/zoology/zoology-collections/marine-invertebrates/</url>
                </online>
            </distribution>
            <coverage>
                    <geographicCoverage>
                            <geographicDescription>The Denver Museum of Nature &amp; Science Marine Invertebrate Collection is global, with an emphasis on Hawaii, Mexico, coastal (east and west) U.S., and Australia.</geographicDescription>
                            <boundingCoordinates>
                                <westBoundingCoordinate>-180</westBoundingCoordinate>
                                <eastBoundingCoordinate>180</eastBoundingCoordinate>
                                <northBoundingCoordinate>90</northBoundingCoordinate>
                                <southBoundingCoordinate>-90</southBoundingCoordinate>
                            </boundingCoordinates>
                    </geographicCoverage>
                        <taxonomicCoverage>
                                <taxonomicClassification>
                                        <taxonRankName>Class</taxonRankName>
                                    <taxonRankValue>Gastropoda</taxonRankValue>
                                </taxonomicClassification>
                                <taxonomicClassification>
                                        <taxonRankName>Class</taxonRankName>
                                    <taxonRankValue>Bivalvia</taxonRankValue>
                                </taxonomicClassification>
                                <taxonomicClassification>
                                        <taxonRankName>Class</taxonRankName>
                                    <taxonRankValue>Anthozoa</taxonRankValue>
                                </taxonomicClassification>
                                <taxonomicClassification>
                                        <taxonRankName>Class</taxonRankName>
                                    <taxonRankValue>Echinoidea</taxonRankValue>
                                </taxonomicClassification>
                                <taxonomicClassification>
                                        <taxonRankName>Class</taxonRankName>
                                    <taxonRankValue>Polyplacophora</taxonRankValue>
                                </taxonomicClassification>
                                <taxonomicClassification>
                                        <taxonRankName>Class</taxonRankName>
                                    <taxonRankValue>Cephalopoda</taxonRankValue>
                                </taxonomicClassification>
                                <taxonomicClassification>
                                        <taxonRankName>Class</taxonRankName>
                                    <taxonRankValue>Scaphopoda</taxonRankValue>
                                </taxonomicClassification>
                                <taxonomicClassification>
                                        <taxonRankName>Class</taxonRankName>
                                    <taxonRankValue>Articulata</taxonRankValue>
                                </taxonomicClassification>
                                <taxonomicClassification>
                                        <taxonRankName>Class</taxonRankName>
                                    <taxonRankValue>Asteroidea</taxonRankValue>
                                </taxonomicClassification>
                                <taxonomicClassification>
                                        <taxonRankName>Class</taxonRankName>
                                    <taxonRankValue>Magnoliopsida</taxonRankValue>
                                </taxonomicClassification>
                                <taxonomicClassification>
                                        <taxonRankName>Class</taxonRankName>
                                    <taxonRankValue>Hydrozoa</taxonRankValue>
                                </taxonomicClassification>
                                <taxonomicClassification>
                                        <taxonRankName>Class</taxonRankName>
                                    <taxonRankValue>Demospongiae</taxonRankValue>
                                </taxonomicClassification>
                                <taxonomicClassification>
                                        <taxonRankName>Class</taxonRankName>
                                    <taxonRankValue>Liliopsida</taxonRankValue>
                                </taxonomicClassification>
                                <taxonomicClassification>
                                        <taxonRankName>Class</taxonRankName>
                                    <taxonRankValue>Rhynchonellata</taxonRankValue>
                                </taxonomicClassification>
                                <taxonomicClassification>
                                        <taxonRankName>Class</taxonRankName>
                                    <taxonRankValue>Inarticulata</taxonRankValue>
                                </taxonomicClassification>
                                <taxonomicClassification>
                                        <taxonRankName>Class</taxonRankName>
                                    <taxonRankValue>Merostomata</taxonRankValue>
                                </taxonomicClassification>
                                <taxonomicClassification>
                                        <taxonRankName>Class</taxonRankName>
                                    <taxonRankValue>Maxillopoda</taxonRankValue>
                                </taxonomicClassification>
                                <taxonomicClassification>
                                        <taxonRankName>Class</taxonRankName>
                                    <taxonRankValue>Hexactinellida</taxonRankValue>
                                </taxonomicClassification>
                        </taxonomicCoverage>
            </coverage>
            <purpose>
                <para>Natural History Research and Education</para>
            </purpose>
            <maintenance>
                <description>
                    <para></para>
                </description>
                <maintenanceUpdateFrequency>unkown</maintenanceUpdateFrequency>
            </maintenance>
            <contact>
            <individualName>
<givenName>Paula</givenName>                    <surName>Cushing</surName>
            </individualName>
<organizationName>Denver Museum of Nature &amp; Science</organizationName><positionName>Curator of Invertebrate Zoology</positionName>            <address>
<deliveryPoint>2001 Colorado Blvd.</deliveryPoint><city>Denver</city><administrativeArea>CO</administrativeArea><postalCode>80205-5798</postalCode><country>UNITED_STATES</country>            </address>
<phone>+01 303-370-6442</phone><electronicMailAddress>paula.cushing@dmns.org</electronicMailAddress><onlineUrl>https://www.dmns.org/science/zoology/staff/paula-cushing/</onlineUrl>            </contact>

    </dataset>

    <additionalMetadata>
        <metadata>
            <gbif>
                <dateStamp>2023-01-20T19:55:38Z</dateStamp>
                <citation>Denver Museum of Nature &amp; Science Marine Invertebrate Collection https://doi.org/10.15468/lyw1fq accessed via GBIF.org on 2023-01-20.</citation>
                    <livingTimePeriod>1900-present</livingTimePeriod>
            </gbif>
        </metadata>
    </additionalMetadata>

</eml:eml>
