<?xml version="1.0" encoding="utf-8"?>
<eml:eml xmlns:eml="eml://ecoinformatics.org/eml-2.1.1" xmlns:xsi="http://www.w3.org/2001/XMLSchema-instance"
         xsi:schemaLocation="eml://ecoinformatics.org/eml-2.1.1 http://rs.gbif.org/schema/eml-gbif-profile/1.2/eml.xsd"
packageId="810e15d2-f762-11e1-a439-00145eb45e9a"  system="http://gbif.org" scope="system"
xml:lang="en">

    <dataset>
            <alternateIdentifier>10.15468/c6ju3f</alternateIdentifier>
                <alternateIdentifier>http://science-net.kahaku.go.jp/ipt2/resource?r=snet-1149-101</alternateIdentifier>
                <alternateIdentifier>http://gbif.science-net.kahaku.go.jp:8081/ipt2/resource?r=snet-1149-101</alternateIdentifier>
                <alternateIdentifier>810e15d2-f762-11e1-a439-00145eb45e9a</alternateIdentifier>
                <alternateIdentifier>13457</alternateIdentifier>
        <title>Molluscus specimens of Toyohashi Museum of Natural History</title>
            <creator>
            <individualName>
<givenName>Hirotaka</givenName>                    <surName>Nishi</surName>
            </individualName>
<organizationName>Toyohashi Museum of Natural History</organizationName><positionName>Curator</positionName>            <address>
<country>JAPAN</country>            </address>
<electronicMailAddress>nishi-hirotaka@city.toyohashi.lg.jp</electronicMailAddress>            </creator>
            <metadataProvider>
            <individualName>
<givenName>Hirotaka</givenName>                    <surName>Nishi</surName>
            </individualName>
<organizationName>Toyohashi Museum of Natural History</organizationName><positionName>Curator</positionName>            <address>
<country>JAPAN</country>            </address>
<electronicMailAddress>nishi-hirotaka@city.toyohashi.lg.jp</electronicMailAddress>            </metadataProvider>
            <pubDate>
                2020-03-06
            </pubDate>
        <language>ENGLISH</language>
            <abstract>
                    <para>Molluscus specimens deposited in Toyohashi Museum of Natural History</para>
            </abstract>
                <keywordSet>
                        <keyword>Occurrence</keyword>
                        <keywordThesaurus>GBIF Dataset Type Vocabulary: http://rs.gbif.org/vocabulary/gbif/dataset_type.xml</keywordThesaurus>
                </keywordSet>
            <intellectualRights>
                    <para>This work is licensed under a <ulink url="http://creativecommons.org/licenses/by/4.0/legalcode"><citetitle>Creative Commons Attribution (CC-BY) 4.0 License</citetitle></ulink>.</para>
            </intellectualRights>
            <distribution scope="document">
                <online>
                    <url function="information">http://www.toyohaku.gr.jp/sizensi/English/English-top.htm</url>
                </online>
            </distribution>
            <maintenance>
                <description>
                    <para></para>
                </description>
                <maintenanceUpdateFrequency>unkown</maintenanceUpdateFrequency>
            </maintenance>
            <contact>
            <individualName>
<givenName>Hirotaka</givenName>                    <surName>Nishi</surName>
            </individualName>
<organizationName>Toyohashi Museum of Natural History</organizationName><positionName>Curator</positionName>            <address>
<country>JAPAN</country>            </address>
<electronicMailAddress>nishi-hirotaka@city.toyohashi.lg.jp</electronicMailAddress><onlineUrl>http://www.toyohaku.gr.jp/sizensi/</onlineUrl>            </contact>

    </dataset>

    <additionalMetadata>
        <metadata>
            <gbif>
                <dateStamp>2023-01-20T19:55:36Z</dateStamp>
                <citation>Nishi H (2020). Molluscus specimens of Toyohashi Museum of Natural History. National Museum of Nature and Science, Japan. Occurrence dataset https://doi.org/10.15468/c6ju3f accessed via GBIF.org on 2023-01-20.</citation>
            </gbif>
        </metadata>
    </additionalMetadata>

</eml:eml>
