<?xml version="1.0" encoding="utf-8"?>
<eml:eml xmlns:eml="eml://ecoinformatics.org/eml-2.1.1" xmlns:xsi="http://www.w3.org/2001/XMLSchema-instance"
         xsi:schemaLocation="eml://ecoinformatics.org/eml-2.1.1 http://rs.gbif.org/schema/eml-gbif-profile/1.2/eml.xsd"
packageId="83c964d4-f762-11e1-a439-00145eb45e9a"  system="http://gbif.org" scope="system"
xml:lang="en">

    <dataset>
            <alternateIdentifier>10.15468/9o6jbj</alternateIdentifier>
                <alternateIdentifier>373</alternateIdentifier>
        <title>Gwaii Haanas Invertebrates (OBIS Canada)</title>
        <language>ENGLISH</language>
            <abstract>
                    <para>Summary: The database covers the Haida Gwaii archipelago, including the contiguous waters of Dixon Entrance, Hecate Strait, Queen Charlotte Sound and westward into the Northeast Pacific to 145° W (based on research cruise reports). Records from Vancouver Island, the mainland (continental) British Columbia and Alaska coasts, mainland coast islands and inlets were excluded. It includes all species of the Haida Gwaii region from any published source, accessible collection and unpublished observations from scientists. Subspecies are included in the database. Includes all marine invertebrate species recorded from the intertidal to the deep-sea and maps their distributions known to the end of 2000. The GIS contains 25,000 invertebrate records of &amp;gt;2,500 species from 2,900 localities. OBIS Schema concepts implemented in this data set are:DateLastModified, InstitutionCode, CollectionCode, CatalogNumber, ScientificName, Phylum, Class, Order, Family, Genus, Species, Subspecies, ScientificNameAuthor, YearCollected, MonthCollected, DayCollected, Country, Locality, Longitude, Latitude, Citation, DepthRange. For OBIS Schema concept details see http://www.iobis.org/tech/provider/</para>
            </abstract>
            <intellectualRights>
                    <para>This work is licensed under a <ulink url="http://creativecommons.org/licenses/by/4.0/legalcode"><citetitle>Creative Commons Attribution (CC-BY) 4.0 License</citetitle></ulink>.</para>
            </intellectualRights>
            <distribution scope="document">
                <online>
                    <url function="information">http://gcmd.nasa.gov/KeywordSearch/Metadata.do?Portal=caobis&amp;MetadataType=0&amp;KeywordPath=&amp;MetadataView=Full&amp;EntryId=OBIS.Gwaii_Inv</url>
                </online>
            </distribution>
            <maintenance>
                <description>
                    <para></para>
                </description>
                <maintenanceUpdateFrequency>unkown</maintenanceUpdateFrequency>
            </maintenance>

    </dataset>

    <additionalMetadata>
        <metadata>
            <gbif>
                <dateStamp>2023-01-20T19:55:34Z</dateStamp>
                <citation>Living marine legacy of Gwaii Haanas. II: Marine invertebrate baseline to 2000 and invertebrate-related management issues. https://doi.org/10.15468/9o6jbj accessed via GBIF.org on 2023-01-20.</citation>
                    <physical>
                        <objectName>GBIF Occurrence Download</objectName>
                        <characterEncoding>UTF-8</characterEncoding>
                        <dataFormat>
                            <externallyDefinedFormat>
                                <formatName>Darwin Core Archive</formatName>
                            </externallyDefinedFormat>
                        </dataFormat>
                        <distribution>
                            <online>
                                <url function="download">http://api.gbif.org/v1/occurrence/download/request/0012544-180131172636756.zip</url>
                            </online>
                        </distribution>
                    </physical>
            </gbif>
        </metadata>
    </additionalMetadata>

</eml:eml>
