<?xml version="1.0" encoding="utf-8"?>
<eml:eml xmlns:eml="eml://ecoinformatics.org/eml-2.1.1" xmlns:xsi="http://www.w3.org/2001/XMLSchema-instance"
         xsi:schemaLocation="eml://ecoinformatics.org/eml-2.1.1 http://rs.gbif.org/schema/eml-gbif-profile/1.2/eml.xsd"
packageId="898cb768-c996-4578-bfff-014f644d5c03"  system="http://gbif.org" scope="system"
xml:lang="en">

    <dataset>
            <alternateIdentifier>10.15468/mud8na</alternateIdentifier>
                <alternateIdentifier>898cb768-c996-4578-bfff-014f644d5c03</alternateIdentifier>
                <alternateIdentifier>http://science-net.kahaku.go.jp/ipt2/resource?r=snet-1198-102</alternateIdentifier>
        <title>Invertebrate fossil collection of National Museum of Nature and Science</title>
            <creator>
            <individualName>
<givenName>Yasunari</givenName>                    <surName>Shigeta</surName>
            </individualName>
<organizationName>National Museum of Nature and Science</organizationName><positionName>Head of the Division of Paleoenvironment and Paleoecology</positionName>            <address>
<country>JAPAN</country>            </address>
<electronicMailAddress>shigeta@kahaku.go.jp</electronicMailAddress>            </creator>
            <metadataProvider>
            <individualName>
<givenName>Yasunari</givenName>                    <surName>Shigeta</surName>
            </individualName>
<organizationName>National Museum of Nature and Science</organizationName><positionName>Head of the Division of Paleoenvironment and Paleoecology</positionName>            <address>
<country>JAPAN</country>            </address>
<electronicMailAddress>shigeta@kahaku.go.jp</electronicMailAddress>            </metadataProvider>
            <pubDate>
                2021-12-07
            </pubDate>
        <language>ENGLISH</language>
            <abstract>
                    <para>Invertebrate fossil specimens deposited at the Department of Geology and Paleontology, National Museum of Nature and Science</para>
            </abstract>
                <keywordSet>
                        <keyword>Occurrence</keyword>
                        <keywordThesaurus>GBIF Dataset Type Vocabulary: http://rs.gbif.org/vocabulary/gbif/dataset_type_2015-07-10.xml</keywordThesaurus>
                </keywordSet>
            <intellectualRights>
                    <para>This work is licensed under a <ulink url="http://creativecommons.org/licenses/by/4.0/legalcode"><citetitle>Creative Commons Attribution (CC-BY) 4.0 License</citetitle></ulink>.</para>
            </intellectualRights>
            <distribution scope="document">
                <online>
                    <url function="information">http://db.kahaku.go.jp/webmuseum_en/</url>
                </online>
            </distribution>
            <maintenance>
                <description>
                    <para></para>
                </description>
                <maintenanceUpdateFrequency>unkown</maintenanceUpdateFrequency>
            </maintenance>
            <contact>
            <individualName>
<givenName>Yasunari</givenName>                    <surName>Shigeta</surName>
            </individualName>
<organizationName>National Museum of Nature and Science</organizationName><positionName>Head of the Division of Paleoenvironment and Paleoecology</positionName>            <address>
<country>JAPAN</country>            </address>
<electronicMailAddress>shigeta@kahaku.go.jp</electronicMailAddress><onlineUrl>http://www.kahaku.go.jp/english/</onlineUrl>            </contact>

    </dataset>

    <additionalMetadata>
        <metadata>
            <gbif>
                <dateStamp>2023-01-20T19:55:38Z</dateStamp>
                <citation>Shigeta Y (2021). Invertebrate fossil collection of National Museum of Nature and Science. Version 1.1. National Museum of Nature and Science, Japan. Occurrence dataset https://doi.org/10.15468/mud8na accessed via GBIF.org on 2023-01-20.</citation>
            </gbif>
        </metadata>
    </additionalMetadata>

</eml:eml>
