<?xml version="1.0" encoding="utf-8"?>
<eml:eml xmlns:eml="eml://ecoinformatics.org/eml-2.1.1" xmlns:xsi="http://www.w3.org/2001/XMLSchema-instance"
         xsi:schemaLocation="eml://ecoinformatics.org/eml-2.1.1 http://rs.gbif.org/schema/eml-gbif-profile/1.2/eml.xsd"
packageId="95eff7ea-f762-11e1-a439-00145eb45e9a"  system="http://gbif.org" scope="system"
xml:lang="en">

    <dataset>
            <alternateIdentifier>10.15468/elhh3l</alternateIdentifier>
                <alternateIdentifier>http://science-net.kahaku.go.jp/ipt2/resource?r=snet-1054-103</alternateIdentifier>
                <alternateIdentifier>http://gbif.science-net.kahaku.go.jp:8081/ipt2/resource?r=snet-1054-103</alternateIdentifier>
                <alternateIdentifier>95eff7ea-f762-11e1-a439-00145eb45e9a</alternateIdentifier>
                <alternateIdentifier>8012</alternateIdentifier>
        <title>Molluscan specimen database of Kanagawa Prefectural Museum of Natural History</title>
            <creator>
            <individualName>
<givenName>Takehiro</givenName>                    <surName>Sato</surName>
            </individualName>
<organizationName>Kanagawa Prefectural Museum of Natural History</organizationName><positionName>Curator</positionName>            <address>
<country>JAPAN</country>            </address>
<electronicMailAddress>sato@nh.kanagawa-museum.jp</electronicMailAddress>            </creator>
            <metadataProvider>
            <individualName>
<givenName>Takehiro</givenName>                    <surName>Sato</surName>
            </individualName>
<organizationName>Kanagawa Prefectural Museum of Natural History</organizationName><positionName>Curator</positionName>            <address>
<country>JAPAN</country>            </address>
<electronicMailAddress>sato@nh.kanagawa-museum.jp</electronicMailAddress>            </metadataProvider>
            <pubDate>
                2021-12-01
            </pubDate>
        <language>ENGLISH</language>
            <abstract>
                    <para>Molluscan specimen collected from Japan and its adjacent area, deposited at Kanagawa Prefectural Museum of Natural History</para>
            </abstract>
                <keywordSet>
                        <keyword>Occurrence</keyword>
                        <keywordThesaurus>GBIF Dataset Type Vocabulary: http://rs.gbif.org/vocabulary/gbif/dataset_type.xml</keywordThesaurus>
                </keywordSet>
                <keywordSet>
                        <keyword>Occurrence</keyword>
                        <keywordThesaurus>GBIF Dataset Type Vocabulary: http://rs.gbif.org/vocabulary/gbif/dataset_type_2015-07-10.xml</keywordThesaurus>
                </keywordSet>
            <intellectualRights>
                    <para>This work is licensed under a <ulink url="http://creativecommons.org/licenses/by/4.0/legalcode"><citetitle>Creative Commons Attribution (CC-BY) 4.0 License</citetitle></ulink>.</para>
            </intellectualRights>
            <distribution scope="document">
                <online>
                    <url function="information">http://nh.kanagawa-museum.jp/index_en.html</url>
                </online>
            </distribution>
            <maintenance>
                <description>
                    <para></para>
                </description>
                <maintenanceUpdateFrequency>unkown</maintenanceUpdateFrequency>
            </maintenance>
            <contact>
            <individualName>
<givenName>Takehiro</givenName>                    <surName>Sato</surName>
            </individualName>
<organizationName>Kanagawa Prefectural Museum of Natural History</organizationName><positionName>Curator</positionName>            <address>
<country>JAPAN</country>            </address>
<electronicMailAddress>sato@nh.kanagawa-museum.jp</electronicMailAddress><onlineUrl>http://nh.kanagawa-museum.jp/index_en.html</onlineUrl>            </contact>

    </dataset>

    <additionalMetadata>
        <metadata>
            <gbif>
                <dateStamp>2023-01-20T19:55:33Z</dateStamp>
                <citation>Sato T (2021). Molluscan specimen database of Kanagawa Prefectural Museum of Natural History. National Museum of Nature and Science, Japan. Occurrence dataset https://doi.org/10.15468/elhh3l accessed via GBIF.org on 2023-01-20.</citation>
            </gbif>
        </metadata>
    </additionalMetadata>

</eml:eml>
