<?xml version="1.0" encoding="utf-8"?>
<eml:eml xmlns:eml="eml://ecoinformatics.org/eml-2.1.1" xmlns:xsi="http://www.w3.org/2001/XMLSchema-instance"
         xsi:schemaLocation="eml://ecoinformatics.org/eml-2.1.1 http://rs.gbif.org/schema/eml-gbif-profile/1.2/eml.xsd"
packageId="ad66f5d0-f485-4d27-905e-3328a0f951fe"  system="http://gbif.org" scope="system"
xml:lang="en">

    <dataset>
            <alternateIdentifier>10.15468/1o7q8t</alternateIdentifier>
                <alternateIdentifier>http://science-net.kahaku.go.jp/ipt2/resource?r=snet-1061-101</alternateIdentifier>
                <alternateIdentifier>http://gbif.science-net.kahaku.go.jp:8081/ipt2/resource?r=snet-1061-101</alternateIdentifier>
                <alternateIdentifier>ad66f5d0-f485-4d27-905e-3328a0f951fe</alternateIdentifier>
        <title>Mollusca specimens of Manazuru Shell Museum</title>
            <creator>
<organizationName>Manazuru Shell Museum</organizationName>            <address>
<country>JAPAN</country>            </address>
            </creator>
            <metadataProvider>
            <individualName>
<givenName>Masato</givenName>                    <surName>Yamamoto</surName>
            </individualName>
<organizationName>Manazuru Shell Museum</organizationName><positionName>Curator</positionName>            <address>
<country>JAPAN</country>            </address>
<electronicMailAddress>shell@town-manazuru.jp</electronicMailAddress>            </metadataProvider>
            <pubDate>
                2020-03-06
            </pubDate>
        <language>ENGLISH</language>
            <abstract>
                    <para>Mollusca specimens deposited in Manazuru Shell Museum</para>
            </abstract>
                <keywordSet>
                        <keyword>Occurrence</keyword>
                        <keywordThesaurus>GBIF Dataset Type Vocabulary: http://rs.gbif.org/vocabulary/gbif/dataset_type.xml</keywordThesaurus>
                </keywordSet>
            <intellectualRights>
                    <para>This work is licensed under a <ulink url="http://creativecommons.org/licenses/by/4.0/legalcode"><citetitle>Creative Commons Attribution (CC-BY) 4.0 License</citetitle></ulink>.</para>
            </intellectualRights>
            <distribution scope="document">
                <online>
                    <url function="information">http://www.town-manazuru.jp/shell-museum/</url>
                </online>
            </distribution>
            <maintenance>
                <description>
                    <para></para>
                </description>
                <maintenanceUpdateFrequency>unkown</maintenanceUpdateFrequency>
            </maintenance>
            <contact>
            <individualName>
<givenName>Masato</givenName>                    <surName>Yamamoto</surName>
            </individualName>
<organizationName>Manazuru Shell Museum</organizationName><positionName>Curator</positionName>            <address>
<country>JAPAN</country>            </address>
<electronicMailAddress>shell@town-manazuru.jp</electronicMailAddress><onlineUrl>http://www.town-manazuru.jp/shell-museum/</onlineUrl>            </contact>

    </dataset>

    <additionalMetadata>
        <metadata>
            <gbif>
                <dateStamp>2023-01-20T19:55:37Z</dateStamp>
                <citation>National Museum of Nature and Science, Japan (2020). Mollusca specimens of Manazuru Shell Museum. Version 1.2. Occurrence dataset https://doi.org/10.15468/1o7q8t accessed via GBIF.org on 2023-01-20.</citation>
            </gbif>
        </metadata>
    </additionalMetadata>

</eml:eml>
