<?xml version="1.0" encoding="utf-8"?>
<eml:eml xmlns:eml="eml://ecoinformatics.org/eml-2.1.1" xmlns:xsi="http://www.w3.org/2001/XMLSchema-instance"
         xsi:schemaLocation="eml://ecoinformatics.org/eml-2.1.1 http://rs.gbif.org/schema/eml-gbif-profile/1.2/eml.xsd"
packageId="b68d2bce-9cc5-4a65-b150-1e4de5df7cb5"  system="http://gbif.org" scope="system"
xml:lang="en">

    <dataset>
            <alternateIdentifier>10.15468/7p57xg</alternateIdentifier>
                <alternateIdentifier>b68d2bce-9cc5-4a65-b150-1e4de5df7cb5</alternateIdentifier>
                <alternateIdentifier>http://science-net.kahaku.go.jp/ipt2/resource?r=snet-1024-114</alternateIdentifier>
        <title>Gastropod Specimens of the Yamagata Prefectural Museum</title>
            <creator>
            <individualName>
<givenName>Masato</givenName>                    <surName>Hasumi</surName>
            </individualName>
<organizationName>Yamagata Prefectural Museum</organizationName><positionName>Contract Staff for Curatorial Duties (Department of Zoology)</positionName>            <address>
<country>JAPAN</country>            </address>
<electronicMailAddress>mhasumi@kem.biglobe.ne.jp</electronicMailAddress>            </creator>
            <metadataProvider>
            <individualName>
<givenName>Masaaki</givenName>                    <surName>Homma</surName>
            </individualName>
<organizationName>Yamagata Prefectural Museum</organizationName><positionName>Museum Curator of Animals</positionName>            <address>
<country>JAPAN</country>            </address>
<electronicMailAddress>hommamasaa@pref.yamagata.jp</electronicMailAddress>            </metadataProvider>
            <pubDate>
                2021-12-07
            </pubDate>
        <language>ENGLISH</language>
            <abstract>
                    <para>Gastropod Specimens deposited in the Yamagata Prefectural Museum</para>
            </abstract>
                <keywordSet>
                        <keyword>Occurrence</keyword>
                        <keywordThesaurus>GBIF Dataset Type Vocabulary: http://rs.gbif.org/vocabulary/gbif/dataset_type.xml</keywordThesaurus>
                </keywordSet>
                <keywordSet>
                        <keyword>Occurrence</keyword>
                        <keywordThesaurus>GBIF Dataset Type Vocabulary: http://rs.gbif.org/vocabulary/gbif/dataset_type_2015-07-10.xml</keywordThesaurus>
                </keywordSet>
            <intellectualRights>
                    <para>This work is licensed under a <ulink url="http://creativecommons.org/licenses/by-nc/4.0/legalcode"><citetitle>Creative Commons Attribution Non Commercial (CC-BY-NC) 4.0 License</citetitle></ulink>.</para>
            </intellectualRights>
            <distribution scope="document">
                <online>
                    <url function="information">http://english.yamagata-museum.jp/</url>
                </online>
            </distribution>
            <maintenance>
                <description>
                    <para></para>
                </description>
                <maintenanceUpdateFrequency>unkown</maintenanceUpdateFrequency>
            </maintenance>
            <contact>
            <individualName>
<givenName>Masaaki</givenName>                    <surName>Homma</surName>
            </individualName>
<organizationName>Yamagata Prefectural Museum</organizationName><positionName>Museum Curator of Animals</positionName>            <address>
<country>JAPAN</country>            </address>
<electronicMailAddress>hommamasaa@pref.yamagata.jp</electronicMailAddress><onlineUrl>http://english.yamagata-museum.jp/</onlineUrl>            </contact>

    </dataset>

    <additionalMetadata>
        <metadata>
            <gbif>
                <dateStamp>2023-01-20T19:55:34Z</dateStamp>
                <citation>Hasumi M, Homma M (2021). Gastropod Specimens of the Yamagata Prefectural Museum. Version 1.2. National Museum of Nature and Science, Japan. Occurrence dataset https://doi.org/10.15468/7p57xg accessed via GBIF.org on 2023-01-20.</citation>
            </gbif>
        </metadata>
    </additionalMetadata>

</eml:eml>
