<?xml version="1.0" encoding="utf-8"?>
<eml:eml xmlns:eml="eml://ecoinformatics.org/eml-2.1.1" xmlns:xsi="http://www.w3.org/2001/XMLSchema-instance"
         xsi:schemaLocation="eml://ecoinformatics.org/eml-2.1.1 http://rs.gbif.org/schema/eml-gbif-profile/1.2/eml.xsd"
packageId="d9e3a5bc-3811-4811-a78c-77d78a2107d7"  system="http://gbif.org" scope="system"
xml:lang="en">

    <dataset>
            <alternateIdentifier>10.15468/qyr2yz</alternateIdentifier>
                <alternateIdentifier>d9e3a5bc-3811-4811-a78c-77d78a2107d7</alternateIdentifier>
                <alternateIdentifier>http://ipt.idigbio.org/resource?r=sdsm</alternateIdentifier>
        <title>SDSM Invertebrate Collections</title>
            <creator>
            <individualName>
<givenName>Gene</givenName>                    <surName>Hess</surName>
            </individualName>
<organizationName>South Dakota School of Mines and Technology</organizationName>            <address>
<city>Rapid City</city><administrativeArea>SD</administrativeArea><postalCode>57701</postalCode><country>UNITED_STATES</country>            </address>
<electronicMailAddress>Gene.Hess@sdsmt.edu</electronicMailAddress>            </creator>
            <metadataProvider>
            <individualName>
<givenName>Sally</givenName>                    <surName>Shelton</surName>
            </individualName>
<organizationName>South Dakota School of Mines and Technology, Museum of Geology</organizationName><positionName>Associate Director</positionName>            <address>
<deliveryPoint>501 E. St. Joseph</deliveryPoint><city>Rapid City</city><administrativeArea>SD</administrativeArea><postalCode>57701</postalCode><country>UNITED_STATES</country>            </address>
<phone>605.394.2487</phone><electronicMailAddress>Sally.Shelton@sdsmt.edu</electronicMailAddress><onlineUrl>http://www.sdsmt.edu/Academics/Museum-of-Geology/MPRL/Collections/</onlineUrl>            </metadataProvider>
            <associatedParty>
            <individualName>
<givenName>Joanna</givenName>                    <surName>McCaffrey</surName>
            </individualName>
<organizationName>iDigBio</organizationName><positionName>Biodiversity Informatics Manager</positionName><electronicMailAddress>jmccaffrey@flmnh.ufl.edu</electronicMailAddress>            <role>PROGRAMMER</role>
            </associatedParty>
            <pubDate>
                2021-04-08
            </pubDate>
        <language>ENGLISH</language>
            <abstract>
                    <para>Invertebrate Collections include specimens from nearly every taxon of invertebrate animal. Major collections include, but are not limited to, mollusks and arthropods of the Cretaceous Western Interior, insects of the Western Interior Cenozoic, Cenozoic marine mollusks of the U.S. Gulf and Atlantic Coastal Plains as well as the Paris Basin, worldwide marine and freshwater Recent mollusks, and Gulf Coast Tertiary Foraminifera.</para>
            </abstract>
                <keywordSet>
                        <keyword>Occurrence</keyword>
                        <keywordThesaurus>GBIF Dataset Type Vocabulary: http://rs.gbif.org/vocabulary/gbif/dataset_type.xml</keywordThesaurus>
                </keywordSet>
                <keywordSet>
                        <keyword>Specimen</keyword>
                        <keywordThesaurus>GBIF Dataset Subtype Vocabulary: http://rs.gbif.org/vocabulary/gbif/dataset_subtype.xml</keywordThesaurus>
                </keywordSet>
                <keywordSet>
                        <keyword>Occurrence</keyword>
                        <keywordThesaurus>GBIF Dataset Type Vocabulary: http://rs.gbif.org/vocabulary/gbif/dataset_type_2015-07-10.xml</keywordThesaurus>
                </keywordSet>
            <intellectualRights>
                    <para>To the extent possible under law, the publisher has waived all rights to these data and has dedicated them to the <ulink url="http://creativecommons.org/publicdomain/zero/1.0/legalcode"><citetitle>Public Domain (CC0 1.0)</citetitle></ulink>. Users may copy, modify, distribute and use the work, including for commercial purposes, without restriction.</para>
            </intellectualRights>
            <maintenance>
                <description>
                    <para></para>
                </description>
                <maintenanceUpdateFrequency>unkown</maintenanceUpdateFrequency>
            </maintenance>
            <contact>
            <individualName>
<givenName>Sally</givenName>                    <surName>Shelton</surName>
            </individualName>
<organizationName>South Dakota School of Mines and Technology, Museum of Geology</organizationName><positionName>Associate Director</positionName>            <address>
<deliveryPoint>501 E. St. Joseph</deliveryPoint><city>Rapid City</city><administrativeArea>SD</administrativeArea><postalCode>57701</postalCode><country>UNITED_STATES</country>            </address>
<phone>605.394.2487</phone><electronicMailAddress>Sally.Shelton@sdsmt.edu</electronicMailAddress><onlineUrl>http://www.sdsmt.edu/Academics/Museum-of-Geology/MPRL/Collections/</onlineUrl>            </contact>

    </dataset>

    <additionalMetadata>
        <metadata>
            <gbif>
                <dateStamp>2023-01-20T19:55:37Z</dateStamp>
                <citation>Hess G, Shelton S (2021). SDSM Invertebrate Collections. Version 1.13. South Dakota School of Mines and Technology, Museum of Geology and Paleontology Research Laboratory. Occurrence dataset https://doi.org/10.15468/qyr2yz accessed via GBIF.org on 2023-01-20.</citation>
                    <resourceLogoUrl>http://www.sdsmt.edu//uploadedImages/Content/Academics/Museum_of_Geology/MuseumOfGeologyLogo.jpg</resourceLogoUrl>
                        <collection>
                            <parentCollectionIdentifier>SDSM</parentCollectionIdentifier>
                            <collectionIdentifier>Invertebrate paleontology</collectionIdentifier>
                            <collectionName>Invertebrate Paleontology</collectionName>
                        </collection>
            </gbif>
        </metadata>
    </additionalMetadata>

</eml:eml>
