<?xml version="1.0" encoding="utf-8"?>
<eml:eml xmlns:eml="eml://ecoinformatics.org/eml-2.1.1" xmlns:xsi="http://www.w3.org/2001/XMLSchema-instance"
         xsi:schemaLocation="eml://ecoinformatics.org/eml-2.1.1 http://rs.gbif.org/schema/eml-gbif-profile/1.2/eml.xsd"
packageId="f0a7ca6e-8da6-4629-97bd-0368705a4d6b"  system="http://gbif.org" scope="system"
xml:lang="en">

    <dataset>
            <alternateIdentifier>10.15468/6nxzen</alternateIdentifier>
                <alternateIdentifier>f0a7ca6e-8da6-4629-97bd-0368705a4d6b</alternateIdentifier>
                <alternateIdentifier>http://ipt.idigbio.org/resource?r=lacm-ip</alternateIdentifier>
        <title>LACM Invertebrate Paleontology</title>
            <creator>
            <individualName>
<givenName>Austin</givenName>                    <surName>Hendy</surName>
            </individualName>
<organizationName>Natural History Museum of Los Angeles County</organizationName><positionName>Collection Manager</positionName>            <address>
<deliveryPoint>900 Exposition Blvd</deliveryPoint><city>Los Angeles</city><administrativeArea>CA</administrativeArea><postalCode>90007</postalCode><country>UNITED_STATES</country>            </address>
<electronicMailAddress>ahendy@nhm.org</electronicMailAddress>            <userId directory="http://orcid.org/">0000-0002-9818-1158</userId>
            </creator>
            <creator>
            <individualName>
<givenName>Lindsay</givenName>                    <surName>Walker</surName>
            </individualName>
<organizationName>Natural History Museum of Los Angeles County</organizationName><positionName>Collections Manager</positionName>            <address>
<deliveryPoint>900 Exposition Blvd</deliveryPoint><city>Los Angeles</city><administrativeArea>CA</administrativeArea><postalCode>90007</postalCode><country>UNITED_STATES</country>            </address>
<electronicMailAddress>lwalker@nhm.org</electronicMailAddress>            <userId directory="http://orcid.org/">0000-0002-2162-6593</userId>
            </creator>
            <metadataProvider>
            <individualName>
<givenName>William</givenName>                    <surName>Mertz</surName>
            </individualName>
<organizationName>Natural History Museum of Los Angeles County</organizationName><positionName>Database Manager</positionName>            <address>
<deliveryPoint>900 Exposition Blvd</deliveryPoint><city>Los Angeles</city><administrativeArea>CA</administrativeArea><postalCode>90007</postalCode><country>UNITED_STATES</country>            </address>
<electronicMailAddress>wmertz@nhm.org</electronicMailAddress>            </metadataProvider>
            <metadataProvider>
            <individualName>
<givenName>Lindsay</givenName>                    <surName>Walker</surName>
            </individualName>
<organizationName>Natural History Museum of Los Angeles County</organizationName><positionName>Collections Manager</positionName>            <address>
<deliveryPoint>900 Exposition Blvd</deliveryPoint><city>Los Angeles</city><administrativeArea>CA</administrativeArea><postalCode>90007</postalCode><country>UNITED_STATES</country>            </address>
<electronicMailAddress>lwalker@nhm.org</electronicMailAddress>            <userId directory="http://orcid.org/">0000-0002-2162-6593</userId>
            </metadataProvider>
            <pubDate>
                2020-12-15
            </pubDate>
        <language>ENGLISH</language>
            <abstract>
                    <para>The Natural History Museum of Los Angeles County&amp;#39;s Invertebrate Paleontology collection (LACMIP) is the fifth largest of its kind in the country, with an estimated 6-7 million specimens. These collections span the Phanerozoic and represent the world’s largest collection of Cretaceous-Cenozoic mollusks from the Pacific Rim. The collection has grown through a century of research by NHM staff, but has also brought together important former collections from the California Institute of Technology, California State University Northridge, University of California Los Angeles, and University of Southern California.</para>
            </abstract>
                <keywordSet>
                        <keyword>Occurrence</keyword>
                        <keywordThesaurus>GBIF Dataset Type Vocabulary: http://rs.gbif.org/vocabulary/gbif/dataset_type.xml</keywordThesaurus>
                </keywordSet>
                <keywordSet>
                        <keyword>Specimen</keyword>
                        <keywordThesaurus>GBIF Dataset Subtype Vocabulary: http://rs.gbif.org/vocabulary/gbif/dataset_subtype.xml</keywordThesaurus>
                </keywordSet>
                <keywordSet>
                        <keyword>Fossil Insect Collaborative</keyword>
                        <keyword>Eastern Pacific Invertebrate Communities of the Cenozoic</keyword>
                        <keyword>Cretaceous Seas of California</keyword>
                        <keyword>Cretaceous World</keyword>
                        <keywordThesaurus>n/a</keywordThesaurus>
                </keywordSet>
                <keywordSet>
                        <keyword>Occurrence</keyword>
                        <keywordThesaurus>GBIF Dataset Type Vocabulary: http://rs.gbif.org/vocabulary/gbif/dataset_type_2015-07-10.xml</keywordThesaurus>
                </keywordSet>
            <intellectualRights>
                    <para>To the extent possible under law, the publisher has waived all rights to these data and has dedicated them to the <ulink url="http://creativecommons.org/publicdomain/zero/1.0/legalcode"><citetitle>Public Domain (CC0 1.0)</citetitle></ulink>. Users may copy, modify, distribute and use the work, including for commercial purposes, without restriction.</para>
            </intellectualRights>
            <distribution scope="document">
                <online>
                    <url function="information">https://nhm.org/research-collections/departments/invertebrate-paleontology</url>
                </online>
            </distribution>
            <coverage>
                    <geographicCoverage>
                            <geographicDescription>The LACMIP collection has a global scope, with the most coverage in North America and Europe. Approximately 72% of collecting localities are in the United States, and the majority are from California.</geographicDescription>
                            <boundingCoordinates>
                                <westBoundingCoordinate>-180</westBoundingCoordinate>
                                <eastBoundingCoordinate>180</eastBoundingCoordinate>
                                <northBoundingCoordinate>90</northBoundingCoordinate>
                                <southBoundingCoordinate>-90</southBoundingCoordinate>
                            </boundingCoordinates>
                    </geographicCoverage>
                        <taxonomicCoverage>
                                <taxonomicClassification>
                                        <taxonRankName>Phylum</taxonRankName>
                                    <taxonRankValue>Arthropoda</taxonRankValue>
                                        <commonName>arthropods</commonName>
                                </taxonomicClassification>
                                <taxonomicClassification>
                                        <taxonRankName>Phylum</taxonRankName>
                                    <taxonRankValue>Mollusca</taxonRankValue>
                                        <commonName>molluscs</commonName>
                                </taxonomicClassification>
                                <taxonomicClassification>
                                        <taxonRankName>Phylum</taxonRankName>
                                    <taxonRankValue>Echinodermata</taxonRankValue>
                                        <commonName>echinoderms</commonName>
                                </taxonomicClassification>
                        </taxonomicCoverage>
            </coverage>
            <maintenance>
                <description>
                    <para></para>
                </description>
                <maintenanceUpdateFrequency>annually</maintenanceUpdateFrequency>
            </maintenance>
            <contact>
            <individualName>
<givenName>Austin</givenName>                    <surName>Hendy</surName>
            </individualName>
<organizationName>Natural History Museum of Los Angeles County</organizationName><positionName>Curator</positionName>            <address>
<deliveryPoint>900 Exposition Blvd</deliveryPoint><city>Los Angeles</city><administrativeArea>CA</administrativeArea><postalCode>90007</postalCode><country>UNITED_STATES</country>            </address>
<electronicMailAddress>ahendy@nhm.org</electronicMailAddress>            <userId directory="http://orcid.org/">0000-0002-9818-1158</userId>
            </contact>
            <contact>
            <individualName>
<givenName>Lindsay</givenName>                    <surName>Walker</surName>
            </individualName>
<organizationName>Natural History Museum of Los Angeles County</organizationName><positionName>Collections Manager</positionName>            <address>
<deliveryPoint>900 Exposition Blvd</deliveryPoint><city>Los Angeles</city><administrativeArea>CA</administrativeArea><postalCode>90007</postalCode><country>UNITED_STATES</country>            </address>
<electronicMailAddress>lwalker@nhm.org</electronicMailAddress>            <userId directory="http://orcid.org/">0000-0002-2162-6593</userId>
            </contact>
            <contact>
            <individualName>
<givenName>William</givenName>                    <surName>Mertz</surName>
            </individualName>
<organizationName>Natural History Museum of Los Angeles County</organizationName><positionName>Database Manager</positionName>            <address>
<deliveryPoint>900 Exposition Blvd</deliveryPoint><city>Los Angeles</city><administrativeArea>CA</administrativeArea><postalCode>90007</postalCode><country>UNITED_STATES</country>            </address>
<electronicMailAddress>wmertz@nhm.org</electronicMailAddress>            </contact>
            <methods>
                    <methodStep>
                        <description>
                            <para></para>
                        </description>
                    </methodStep>
            </methods>

    </dataset>

    <additionalMetadata>
        <metadata>
            <gbif>
                <dateStamp>2023-01-20T19:55:34Z</dateStamp>
                <citation>Hendy A, Walker L, Mertz W (2020). LACM Invertebrate Paleontology. Version 1.9. Natural History Museum of Los Angeles County. Occurrence dataset https://doi.org/10.15468/6nxzen accessed via GBIF.org on 2023-01-20.</citation>
                    <resourceLogoUrl>http://ipt.idigbio.org/logo.do?r=lacm-ip</resourceLogoUrl>
                    <livingTimePeriod>Phanerozoic</livingTimePeriod>
                    <livingTimePeriod>Pleistocene</livingTimePeriod>
                    <livingTimePeriod>Pliocene</livingTimePeriod>
                    <livingTimePeriod>Cretaceous</livingTimePeriod>
                    <livingTimePeriod>Oligocene</livingTimePeriod>
            </gbif>
        </metadata>
    </additionalMetadata>

</eml:eml>
