<?xml version="1.0" encoding="utf-8"?>
<eml:eml xmlns:eml="eml://ecoinformatics.org/eml-2.1.1" xmlns:xsi="http://www.w3.org/2001/XMLSchema-instance"
         xsi:schemaLocation="eml://ecoinformatics.org/eml-2.1.1 http://rs.gbif.org/schema/eml-gbif-profile/1.2/eml.xsd"
packageId="0debafd0-6c8a-11de-8225-b8a03c50a862"  system="http://gbif.org" scope="system"
xml:lang="en">

    <dataset>
            <alternateIdentifier>10.15468/gscnac</alternateIdentifier>
                <alternateIdentifier>https://collections.ala.org.au/public/show/dr341</alternateIdentifier>
                <alternateIdentifier>5145fb8f-ec88-37f3-ad1d-345f0083d998</alternateIdentifier>
                <alternateIdentifier>http://collections.ala.org.au/public/show/dr341</alternateIdentifier>
                <alternateIdentifier>0debafd0-6c8a-11de-8225-b8a03c50a862</alternateIdentifier>
                <alternateIdentifier>e9d5fac5-6c34-3693-8af3-a265acb8f166</alternateIdentifier>
                <alternateIdentifier>7fde46c7-1089-3d15-937e-55dcca9316e1</alternateIdentifier>
                <alternateIdentifier>9106</alternateIdentifier>
        <title>Australian National Wildlife Collection provider for OZCAM</title>
            <creator>
<organizationName>OZCAM (Online Zoological Collections of Australian Museums) Provider</organizationName>            </creator>
            <creator>
<organizationName>Australian National Wildlife Collection</organizationName>            </creator>
            <metadataProvider>
<organizationName>OZCAM (Online Zoological Collections of Australian Museums) Provider</organizationName>            </metadataProvider>
            <associatedParty>
<organizationName>Atlas of Living Australia</organizationName>            <address>
<deliveryPoint>CSIRO Ecosystems Services</deliveryPoint><city>Canberra</city><administrativeArea>ACT</administrativeArea><postalCode>2601</postalCode><country>AUSTRALIA</country>            </address>
<electronicMailAddress>info@ala.org.au</electronicMailAddress>            <role>DISTRIBUTOR</role>
            </associatedParty>
            <pubDate>
                2021-12-13
            </pubDate>
        <language>ENGLISH</language>
            <abstract>
                    <para>Australian National Wildlife Collection provider for OZCAM. ANWC is part of the Australia&amp;#39;s Commonwealth Scientific and Industrial Research Organisation (CSIRO)</para>
            </abstract>
            <intellectualRights>
                    <para>This work is licensed under a <ulink url="http://creativecommons.org/licenses/by/4.0/legalcode"><citetitle>Creative Commons Attribution (CC-BY) 4.0 License</citetitle></ulink>.</para>
            </intellectualRights>
            <distribution scope="document">
                <online>
                    <url function="information">https://collections.ala.org.au/public/show/dr341</url>
                </online>
            </distribution>
            <contact>
<organizationName>Atlas of Living Australia</organizationName>            <address>
<deliveryPoint>CSIRO Ecosystems Services</deliveryPoint><city>Canberra</city><administrativeArea>ACT</administrativeArea><postalCode>2601</postalCode><country>AUSTRALIA</country>            </address>
<electronicMailAddress>info@ala.org.au</electronicMailAddress>            </contact>
            <methods>
            </methods>

    </dataset>

    <additionalMetadata>
        <metadata>
            <gbif>
                <dateStamp>2023-01-20T19:57:37Z</dateStamp>
                <citation>Commonwealth Scientific and Industrial Research Organisation (2021). Australian National Wildlife Collection provider for OZCAM. Occurrence dataset https://doi.org/10.15468/gscnac accessed via GBIF.org on 2023-01-20.</citation>
                    <resourceLogoUrl>https://collections.ala.org.au/data/dataProvider/ozcam.png</resourceLogoUrl>
            </gbif>
        </metadata>
    </additionalMetadata>

</eml:eml>
