<?xml version="1.0" encoding="utf-8"?>
<eml:eml xmlns:eml="eml://ecoinformatics.org/eml-2.1.1" xmlns:xsi="http://www.w3.org/2001/XMLSchema-instance"
         xsi:schemaLocation="eml://ecoinformatics.org/eml-2.1.1 http://rs.gbif.org/schema/eml-gbif-profile/1.2/eml.xsd"
packageId="39905320-6c8a-11de-8226-b8a03c50a862"  system="http://gbif.org" scope="system"
xml:lang="en">

    <dataset>
            <alternateIdentifier>10.15468/lp1ctu</alternateIdentifier>
                <alternateIdentifier>https://collections.ala.org.au/public/show/dr342</alternateIdentifier>
                <alternateIdentifier>72b3e261-9954-391f-ad6a-a671213d41b4</alternateIdentifier>
                <alternateIdentifier>http://collections.ala.org.au/public/show/dr342</alternateIdentifier>
                <alternateIdentifier>39905320-6c8a-11de-8226-b8a03c50a862</alternateIdentifier>
                <alternateIdentifier>f74bfe60-11dd-3e87-a3b8-b1abc1236a2d</alternateIdentifier>
                <alternateIdentifier>526c16a4-0591-395a-845f-6f211ef5bb31</alternateIdentifier>
                <alternateIdentifier>14118</alternateIdentifier>
        <title>Museums Victoria provider for OZCAM</title>
            <creator>
<organizationName>OZCAM (Online Zoological Collections of Australian Museums) Provider</organizationName>            </creator>
            <creator>
<organizationName>Museums Victoria</organizationName>            </creator>
            <metadataProvider>
<organizationName>OZCAM (Online Zoological Collections of Australian Museums) Provider</organizationName>            </metadataProvider>
            <associatedParty>
<organizationName>Atlas of Living Australia</organizationName>            <address>
<deliveryPoint>CSIRO Ecosystems Services</deliveryPoint><city>Canberra</city><administrativeArea>ACT</administrativeArea><postalCode>2601</postalCode><country>AUSTRALIA</country>            </address>
<electronicMailAddress>info@ala.org.au</electronicMailAddress>            <role>DISTRIBUTOR</role>
            </associatedParty>
            <pubDate>
                2021-06-03
            </pubDate>
        <language>ENGLISH</language>
            <abstract>
                    <para>Museums Victoria provider for OZCAM</para>
            </abstract>
            <intellectualRights>
                    <para>This work is licensed under a <ulink url="http://creativecommons.org/licenses/by/4.0/legalcode"><citetitle>Creative Commons Attribution (CC-BY) 4.0 License</citetitle></ulink>.</para>
            </intellectualRights>
            <distribution scope="document">
                <online>
                    <url function="information">https://collections.ala.org.au/public/show/dr342</url>
                </online>
            </distribution>
            <contact>
<organizationName>Atlas of Living Australia</organizationName>            <address>
<deliveryPoint>CSIRO Ecosystems Services</deliveryPoint><city>Canberra</city><administrativeArea>ACT</administrativeArea><postalCode>2601</postalCode><country>AUSTRALIA</country>            </address>
<electronicMailAddress>info@ala.org.au</electronicMailAddress>            </contact>
            <methods>
            </methods>

    </dataset>

    <additionalMetadata>
        <metadata>
            <gbif>
                <dateStamp>2023-01-20T19:57:36Z</dateStamp>
                <citation>Museums Victoria (2021). Museums Victoria provider for OZCAM. Occurrence dataset https://doi.org/10.15468/lp1ctu accessed via GBIF.org on 2023-01-20.</citation>
                    <resourceLogoUrl>https://collections.ala.org.au/data/dataProvider/ozcam.png</resourceLogoUrl>
            </gbif>
        </metadata>
    </additionalMetadata>

</eml:eml>
