<?xml version="1.0" encoding="utf-8"?>
<eml:eml xmlns:eml="eml://ecoinformatics.org/eml-2.1.1" xmlns:xsi="http://www.w3.org/2001/XMLSchema-instance"
         xsi:schemaLocation="eml://ecoinformatics.org/eml-2.1.1 http://rs.gbif.org/schema/eml-gbif-profile/1.2/eml.xsd"
packageId="7ebef267-9d72-4c21-a276-cc84281a8590"  system="http://gbif.org" scope="system"
xml:lang="en">

    <dataset>
            <alternateIdentifier>10.15468/uye32x</alternateIdentifier>
                <alternateIdentifier>7ebef267-9d72-4c21-a276-cc84281a8590</alternateIdentifier>
                <alternateIdentifier>https://collections.ala.org.au/public/show/dr19123</alternateIdentifier>
                <alternateIdentifier>5c83cab6-902c-3044-839d-e66ed8f06395</alternateIdentifier>
        <title>NatureMapr</title>
            <creator>
<organizationName>NatureMapr</organizationName>            </creator>
            <metadataProvider>
<organizationName>NatureMapr</organizationName>            </metadataProvider>
            <associatedParty>
<organizationName>Atlas of Living Australia</organizationName>            <address>
<deliveryPoint>CSIRO Ecosystems Services</deliveryPoint><city>Canberra</city><administrativeArea>ACT</administrativeArea><postalCode>2601</postalCode><country>AUSTRALIA</country>            </address>
<electronicMailAddress>info@ala.org.au</electronicMailAddress>            <role>DISTRIBUTOR</role>
            </associatedParty>
            <pubDate>
                2022-11-07
            </pubDate>
        <language>ENGLISH</language>
            <intellectualRights>
                    <para>This work is licensed under a <ulink url="http://creativecommons.org/licenses/by/4.0/legalcode"><citetitle>Creative Commons Attribution (CC-BY) 4.0 License</citetitle></ulink>.</para>
            </intellectualRights>
            <distribution scope="document">
                <online>
                    <url function="information">https://collections.ala.org.au/public/show/dr19123</url>
                </online>
            </distribution>
            <contact>
            <individualName>
<givenName>Michael</givenName>                    <surName>Kearney</surName>
            </individualName>
<electronicMailAddress>m.kearney@unimelb.edu.au</electronicMailAddress>            </contact>
            <methods>
            </methods>

    </dataset>

    <additionalMetadata>
        <metadata>
            <gbif>
                <dateStamp>2023-01-20T19:57:38Z</dateStamp>
                <citation>NatureMapr (2022). NatureMapr. Occurrence dataset https://doi.org/10.15468/uye32x accessed via GBIF.org on 2023-01-20.</citation>
                    <resourceLogoUrl>https://collections.ala.org.au/data/dataProvider/naturemapr.png</resourceLogoUrl>
            </gbif>
        </metadata>
    </additionalMetadata>

</eml:eml>
