<?xml version="1.0" encoding="utf-8"?>
<eml:eml xmlns:eml="eml://ecoinformatics.org/eml-2.1.1" xmlns:xsi="http://www.w3.org/2001/XMLSchema-instance"
         xsi:schemaLocation="eml://ecoinformatics.org/eml-2.1.1 http://rs.gbif.org/schema/eml-gbif-profile/1.2/eml.xsd"
packageId="def80289-b974-48d3-8ff1-7e91c82b5bfd"  system="http://gbif.org" scope="system"
xml:lang="en">

    <dataset>
            <alternateIdentifier>10.15468/3xhjwd</alternateIdentifier>
                <alternateIdentifier>def80289-b974-48d3-8ff1-7e91c82b5bfd</alternateIdentifier>
                <alternateIdentifier>https://collections.ala.org.au/public/show/dr7949</alternateIdentifier>
                <alternateIdentifier>f07b1585-ddf5-382b-8a96-9b8e2ff87695</alternateIdentifier>
        <title>Wingecarribee Shire Council Macroinvertebrate Sampling</title>
            <creator>
<organizationName>Wingecarribee Shire Council Macroinvertebrate Sampling</organizationName>            </creator>
            <metadataProvider>
<organizationName>Wingecarribee Shire Council Macroinvertebrate Sampling</organizationName>            </metadataProvider>
            <associatedParty>
<organizationName>Atlas of Living Australia</organizationName>            <address>
<deliveryPoint>CSIRO Ecosystems Services</deliveryPoint><city>Canberra</city><administrativeArea>ACT</administrativeArea><postalCode>2601</postalCode><country>AUSTRALIA</country>            </address>
<electronicMailAddress>info@ala.org.au</electronicMailAddress>            <role>DISTRIBUTOR</role>
            </associatedParty>
            <pubDate>
                2021-12-22
            </pubDate>
        <language>ENGLISH</language>
            <abstract>
                    <para>Seasonal Macro-invertebrate sampling data collected from selected waterways within the Wingecarribee Shire Council area.</para>
            </abstract>
            <intellectualRights>
                    <para>This work is licensed under a <ulink url="http://creativecommons.org/licenses/by/4.0/legalcode"><citetitle>Creative Commons Attribution (CC-BY) 4.0 License</citetitle></ulink>.</para>
            </intellectualRights>
            <distribution scope="document">
                <online>
                    <url function="information">https://collections.ala.org.au/public/show/dr7949</url>
                </online>
            </distribution>
            <purpose>
                <para>Collection of baseline Macro-invertebrate data to detect changes over time.</para>
            </purpose>
            <contact>
<organizationName>Atlas of Living Australia</organizationName>            <address>
<deliveryPoint>CSIRO Ecosystems Services</deliveryPoint><city>Canberra</city><administrativeArea>ACT</administrativeArea><postalCode>2601</postalCode><country>AUSTRALIA</country>            </address>
<electronicMailAddress>info@ala.org.au</electronicMailAddress>            </contact>
            <methods>
                    <methodStep>
                        <description>
                            <para>Visual assessment of macro-invertebrates.</para>
                        </description>
                    </methodStep>
            </methods>

    </dataset>

    <additionalMetadata>
        <metadata>
            <gbif>
                <dateStamp>2023-01-20T19:57:37Z</dateStamp>
                <citation>Atlas of Living Australia (2021). Wingecarribee Shire Council Macroinvertebrate Sampling. Occurrence dataset https://doi.org/10.15468/3xhjwd accessed via GBIF.org on 2023-01-20.</citation>
                    <resourceLogoUrl>https://collections.ala.org.au/data/dataResource/WSC_A4.jpg</resourceLogoUrl>
            </gbif>
        </metadata>
    </additionalMetadata>

</eml:eml>
