<?xml version="1.0" encoding="utf-8"?>
<eml:eml xmlns:eml="eml://ecoinformatics.org/eml-2.1.1" xmlns:xsi="http://www.w3.org/2001/XMLSchema-instance"
         xsi:schemaLocation="eml://ecoinformatics.org/eml-2.1.1 http://rs.gbif.org/schema/eml-gbif-profile/1.2/eml.xsd"
packageId="53c94997-8758-4261-91d9-ac9f4ebe73d2"  system="http://gbif.org" scope="system"
xml:lang="en">

    <dataset>
            <alternateIdentifier>10.15468/2aqakl</alternateIdentifier>
                <alternateIdentifier>53c94997-8758-4261-91d9-ac9f4ebe73d2</alternateIdentifier>
                <alternateIdentifier>http://science-net.kahaku.go.jp/ipt2/resource?r=snet-1007-106</alternateIdentifier>
        <title>Crustacean specimens of Bihoro Museum</title>
            <creator>
            <individualName>
<givenName>Yoshiyasu</givenName>                    <surName>Machida</surName>
            </individualName>
<organizationName>Bihoro Museum</organizationName><positionName>Curator</positionName>            <address>
<country>JAPAN</country>            </address>
<electronicMailAddress>museum@town.bihoro.hokkaido.jp</electronicMailAddress>            </creator>
            <metadataProvider>
            <individualName>
<givenName>Yoshiyasu</givenName>                    <surName>Machida</surName>
            </individualName>
<organizationName>Bihoro Museum</organizationName><positionName>Curator</positionName>            <address>
<country>JAPAN</country>            </address>
<electronicMailAddress>museum@town.bihoro.hokkaido.jp</electronicMailAddress>            </metadataProvider>
            <pubDate>
                2020-03-06
            </pubDate>
        <language>ENGLISH</language>
            <abstract>
                    <para>Crustacean specimens deposited in Bihoro Museum</para>
            </abstract>
                <keywordSet>
                        <keyword>Occurrence</keyword>
                        <keywordThesaurus>GBIF Dataset Type Vocabulary: http://rs.gbif.org/vocabulary/gbif/dataset_type.xml</keywordThesaurus>
                </keywordSet>
            <intellectualRights>
                    <para>This work is licensed under a <ulink url="http://creativecommons.org/licenses/by-nc/4.0/legalcode"><citetitle>Creative Commons Attribution Non Commercial (CC-BY-NC) 4.0 License</citetitle></ulink>.</para>
            </intellectualRights>
            <maintenance>
                <description>
                    <para></para>
                </description>
                <maintenanceUpdateFrequency>unkown</maintenanceUpdateFrequency>
            </maintenance>
            <contact>
            <individualName>
<givenName>Yoshiyasu</givenName>                    <surName>Machida</surName>
            </individualName>
<organizationName>Bihoro Museum</organizationName><positionName>Curator</positionName>            <address>
<country>JAPAN</country>            </address>
<electronicMailAddress>museum@town.bihoro.hokkaido.jp</electronicMailAddress><onlineUrl>http://www.town.bihoro.hokkaido.jp/bunya/museum/</onlineUrl>            </contact>

    </dataset>

    <additionalMetadata>
        <metadata>
            <gbif>
                <dateStamp>2023-01-20T19:42:55Z</dateStamp>
                <citation>Machida Y (2020). Crustacean specimens of Bihoro Museum. Version 1.1. National Museum of Nature and Science, Japan. Occurrence dataset https://doi.org/10.15468/2aqakl accessed via GBIF.org on 2023-01-20.</citation>
            </gbif>
        </metadata>
    </additionalMetadata>

</eml:eml>
