<?xml version="1.0" encoding="utf-8"?>
<eml:eml xmlns:eml="eml://ecoinformatics.org/eml-2.1.1" xmlns:xsi="http://www.w3.org/2001/XMLSchema-instance"
         xsi:schemaLocation="eml://ecoinformatics.org/eml-2.1.1 http://rs.gbif.org/schema/eml-gbif-profile/1.2/eml.xsd"
packageId="7c93d290-6c8b-11de-8226-b8a03c50a862"  system="http://gbif.org" scope="system"
xml:lang="en">

    <dataset>
            <alternateIdentifier>10.15468/5qt0dm</alternateIdentifier>
                <alternateIdentifier>https://collections.ala.org.au/public/show/dr348</alternateIdentifier>
                <alternateIdentifier>cc1c86ee-e853-3985-a759-355e078b5328</alternateIdentifier>
                <alternateIdentifier>http://collections.ala.org.au/public/show/dr348</alternateIdentifier>
                <alternateIdentifier>7c93d290-6c8b-11de-8226-b8a03c50a862</alternateIdentifier>
                <alternateIdentifier>7c7e72fe-20e1-320b-abb9-822946276900</alternateIdentifier>
                <alternateIdentifier>cf80307d-5090-33a6-98e8-792995bfe67b</alternateIdentifier>
                <alternateIdentifier>14123</alternateIdentifier>
        <title>Western Australian Museum provider for OZCAM</title>
            <creator>
<organizationName>OZCAM (Online Zoological Collections of Australian Museums) Provider</organizationName>            </creator>
            <creator>
<organizationName>Western Australian Museum</organizationName>            </creator>
            <metadataProvider>
<organizationName>OZCAM (Online Zoological Collections of Australian Museums) Provider</organizationName>            </metadataProvider>
            <associatedParty>
<organizationName>Atlas of Living Australia</organizationName>            <address>
<deliveryPoint>CSIRO Ecosystems Services</deliveryPoint><city>Canberra</city><administrativeArea>ACT</administrativeArea><postalCode>2601</postalCode><country>AUSTRALIA</country>            </address>
<electronicMailAddress>info@ala.org.au</electronicMailAddress>            <role>DISTRIBUTOR</role>
            </associatedParty>
            <pubDate>
                2022-08-23
            </pubDate>
        <language>ENGLISH</language>
            <abstract>
                    <para>Western Australian Museum provider for OZCAM</para>
            </abstract>
            <intellectualRights>
                    <para>This work is licensed under a <ulink url="http://creativecommons.org/licenses/by/4.0/legalcode"><citetitle>Creative Commons Attribution (CC-BY) 4.0 License</citetitle></ulink>.</para>
            </intellectualRights>
            <distribution scope="document">
                <online>
                    <url function="information">https://collections.ala.org.au/public/show/dr348</url>
                </online>
            </distribution>
            <contact>
            <individualName>
<givenName>Jo</givenName>                    <surName>Birch</surName>
            </individualName>
            </contact>
            <methods>
            </methods>

    </dataset>

    <additionalMetadata>
        <metadata>
            <gbif>
                <dateStamp>2023-01-20T19:42:54Z</dateStamp>
                <citation>Western Australian Museum (2022). Western Australian Museum provider for OZCAM. Occurrence dataset https://doi.org/10.15468/5qt0dm accessed via GBIF.org on 2023-01-20.</citation>
                    <resourceLogoUrl>https://collections.ala.org.au/data/dataProvider/ozcam.png</resourceLogoUrl>
            </gbif>
        </metadata>
    </additionalMetadata>

</eml:eml>
