<?xml version="1.0" encoding="utf-8"?>
<eml:eml xmlns:eml="eml://ecoinformatics.org/eml-2.1.1" xmlns:xsi="http://www.w3.org/2001/XMLSchema-instance"
         xsi:schemaLocation="eml://ecoinformatics.org/eml-2.1.1 http://rs.gbif.org/schema/eml-gbif-profile/1.2/eml.xsd"
packageId="23a34e86-a0da-4119-b675-7077ff6b3808"  system="http://gbif.org" scope="system"
xml:lang="en">

    <dataset>
            <alternateIdentifier>10.15468/tckm2a</alternateIdentifier>
                <alternateIdentifier>https://bison.usgs.gov/ipt/resource?r=bdmp-mohonk</alternateIdentifier>
                <alternateIdentifier>23a34e86-a0da-4119-b675-7077ff6b3808</alternateIdentifier>
        <title>Mohonk Preserve Historical Observational Biodiversity Data</title>
            <creator>
            <individualName>
<givenName>Alexis</givenName>                    <surName>Garretson</surName>
            </individualName>
<organizationName>Mohonk Preserve</organizationName><positionName>Research Associate</positionName><electronicMailAddress>alexis@garretson.net</electronicMailAddress><onlineUrl>https://alexis-catherine.github.io/</onlineUrl>            <userId directory="http://orcid.org/">0000-0002-7260-0131</userId>
            </creator>
            <creator>
            <individualName>
<givenName>Megan</givenName>                    <surName>Napoli</surName>
            </individualName>
<organizationName>Mohonk Preserve</organizationName><positionName>Research Ecologist</positionName>            <userId directory="http://orcid.org/">0000-0003-2390-6545</userId>
            </creator>
            <creator>
            <individualName>
<givenName>Natalie</givenName>                    <surName>Feldsine</surName>
            </individualName>
<organizationName>Mohonk Preserve</organizationName><positionName>Research Collection and Citizen Science Coordinator</positionName>            <userId directory="http://orcid.org/">0000-0003-4331-3042</userId>
            </creator>
            <creator>
            <individualName>
<givenName>Elizabeth</givenName>                    <surName>Long</surName>
            </individualName>
<organizationName>Mohonk Preserve</organizationName>            <userId directory="http://orcid.org/">0000-0002-7410-5548</userId>
            </creator>
            <creator>
            <individualName>
<givenName>Paul</givenName>                    <surName>Huth</surName>
            </individualName>
<organizationName>Mohonk Preserve</organizationName>            </creator>
            <creator>
            <individualName>
<givenName>Daniel</givenName>                    <surName>Smiley</surName>
            </individualName>
<organizationName>Mohonk Preserve</organizationName>            </creator>
            <creator>
            <individualName>
<givenName>Anna</givenName>                    <surName>Forester</surName>
            </individualName>
<organizationName>Mohonk Preserve</organizationName>            </creator>
            <creator>
            <individualName>
<givenName>Ethan</givenName>                    <surName>Pierce</surName>
            </individualName>
<organizationName>Mohonk Preserve</organizationName>            </creator>
            <creator>
            <individualName>
<givenName>Shanan</givenName>                    <surName>Smiley</surName>
            </individualName>
<organizationName>Mohonk Preserve</organizationName>            </creator>
            <creator>
            <individualName>
<givenName>John</givenName>                    <surName>Thompson</surName>
            </individualName>
<organizationName>Mohonk Preserve</organizationName>            </creator>
            <metadataProvider>
            <individualName>
<givenName>Alexis</givenName>                    <surName>Garretson</surName>
            </individualName>
<organizationName>Mohonk Preserve</organizationName><positionName>Research Associate</positionName><electronicMailAddress>alexis@garretson.net</electronicMailAddress><onlineUrl>https://alexis-catherine.github.io/</onlineUrl>            <userId directory="http://orcid.org/">0000-0002-7260-0131</userId>
            </metadataProvider>
            <metadataProvider>
            <individualName>
<givenName>Megan</givenName>                    <surName>Napoli</surName>
            </individualName>
<organizationName>Mohonk Preserve</organizationName><positionName>Research Ecologist</positionName>            <userId directory="http://orcid.org/">0000-0003-2390-6545</userId>
            </metadataProvider>
            <metadataProvider>
            <individualName>
<givenName>Natalie</givenName>                    <surName>Feldsine</surName>
            </individualName>
<organizationName>Mohonk Preserve</organizationName><positionName>Research Collection and Citizen Science Coordinator</positionName>            <userId directory="http://orcid.org/">0000-0003-4331-3042</userId>
            </metadataProvider>
            <associatedParty>
            <individualName>
<givenName>Alexis</givenName>                    <surName>Garretson</surName>
            </individualName>
<organizationName>Mohonk Preserve</organizationName><positionName>Research Associate</positionName><electronicMailAddress>alexis@garretson.net</electronicMailAddress><onlineUrl>https://alexis-catherine.github.io/</onlineUrl>            <userId directory="http://orcid.org/">0000-0002-7260-0131</userId>
            <role>CURATOR</role>
            </associatedParty>
            <associatedParty>
            <individualName>
<givenName>Alexis</givenName>                    <surName>Garretson</surName>
            </individualName>
<organizationName>Mohonk Preserve</organizationName><positionName>Research Associate</positionName><electronicMailAddress>alexis@garretson.net</electronicMailAddress><onlineUrl>https://alexis-catherine.github.io/</onlineUrl>            <userId directory="http://orcid.org/">0000-0002-7260-0131</userId>
            <role>POINT_OF_CONTACT</role>
            </associatedParty>
            <associatedParty>
            <individualName>
<givenName>Julia</givenName>                    <surName>Solomon</surName>
            </individualName>
<organizationName>Mohonk Preserve</organizationName><positionName>Director of Conservation Programs</positionName>            <role>POINT_OF_CONTACT</role>
            </associatedParty>
            <pubDate>
                2022-12-31
            </pubDate>
        <language>ENGLISH</language>
            <abstract>
                    <para>Since the 1900s, research staff, visiting scientists, and interns have documented the biodiversity of the Shawangunk Ridge as part of our “living laboratory&amp;#34; in order to protect and perpetuate life on the Preserve’s lands. While much of these data were collected in standardized study designs, a large amount of data was collected stochastically and documented passively in our records and archives. This dataset provides these passive biodiversity records to support biodiversity research and inform environmental management and ecological sciences.</para>
            </abstract>
                <keywordSet>
                        <keyword>Occurrence</keyword>
                        <keywordThesaurus>GBIF Dataset Type Vocabulary: http://rs.gbif.org/vocabulary/gbif/dataset_type_2015-07-10.xml</keywordThesaurus>
                </keywordSet>
            <intellectualRights>
                    <para>To the extent possible under law, the publisher has waived all rights to these data and has dedicated them to the <ulink url="http://creativecommons.org/publicdomain/zero/1.0/legalcode"><citetitle>Public Domain (CC0 1.0)</citetitle></ulink>. Users may copy, modify, distribute and use the work, including for commercial purposes, without restriction.</para>
            </intellectualRights>
            <coverage>
                    <geographicCoverage>
                            <geographicDescription>Data were collected on Mohonk Preserve property in the Shawangunk Ridge of New Paltz, NY, USA</geographicDescription>
                            <boundingCoordinates>
                                <westBoundingCoordinate>-74.153</westBoundingCoordinate>
                                <eastBoundingCoordinate>-74.153</eastBoundingCoordinate>
                                <northBoundingCoordinate>41.754</northBoundingCoordinate>
                                <southBoundingCoordinate>41.754</southBoundingCoordinate>
                            </boundingCoordinates>
                    </geographicCoverage>
            </coverage>
            <maintenance>
                <description>
                    <para></para>
                </description>
                <maintenanceUpdateFrequency>notPlanned</maintenanceUpdateFrequency>
            </maintenance>
            <contact>
            <individualName>
<givenName>Alexis</givenName>                    <surName>Garretson</surName>
            </individualName>
<organizationName>Mohonk Preserve</organizationName><positionName>Research Associate</positionName><electronicMailAddress>alexis@garretson.net</electronicMailAddress><onlineUrl>https://alexis-catherine.github.io/</onlineUrl>            <userId directory="http://orcid.org/">0000-0002-7260-0131</userId>
            </contact>
            <contact>
            <individualName>
                    <surName>Mohonk Preserve</surName>
            </individualName>
<organizationName>Mohonk Preserve</organizationName><positionName>Daniel Smiley Research Center</positionName>            <address>
<deliveryPoint>PO Box 715</deliveryPoint><city>New Paltz</city><administrativeArea>New York</administrativeArea><postalCode>12561</postalCode><country>UNITED_STATES</country>            </address>
<phone>845-255-0919</phone><electronicMailAddress>research@mohonkpreserve.org</electronicMailAddress><onlineUrl>https://www.mohonkpreserve.org/</onlineUrl>            </contact>
            <contact>
            <individualName>
                    <surName>Director of Conservation Science</surName>
            </individualName>
<organizationName>Mohonk Preserve</organizationName><positionName>Daniel Smiley Research Center</positionName>            <address>
<deliveryPoint>PO Box 715</deliveryPoint><city>New Paltz</city><administrativeArea>New York</administrativeArea><postalCode>12561</postalCode><country>UNITED_STATES</country>            </address>
<phone>845-255-0919</phone><electronicMailAddress>research@mohonkpreserve.org</electronicMailAddress><onlineUrl>https://www.mohonkpreserve.org/</onlineUrl>            </contact>
            <methods>
                    <methodStep>
                        <description>
                            <para></para>
                        </description>
                    </methodStep>
            </methods>

    </dataset>

    <additionalMetadata>
        <metadata>
            <gbif>
                <dateStamp>2023-01-20T19:50:34Z</dateStamp>
                <citation>Garretson A, Napoli M, Feldsine N, Long E, Huth P, Smiley D, Forester A, Pierce E, Smiley S, Thompson J (2022). Mohonk Preserve Historical Observational Biodiversity Data. Mohonk Preserve. Occurrence dataset https://doi.org/10.15468/tckm2a accessed via GBIF.org on 2023-01-20.</citation>
                    <resourceLogoUrl>https://bison.usgs.gov/ipt/logo.do?r=bdmp-mohonk</resourceLogoUrl>
            </gbif>
        </metadata>
    </additionalMetadata>

</eml:eml>
