<?xml version="1.0" encoding="utf-8"?>
<eml:eml xmlns:eml="eml://ecoinformatics.org/eml-2.1.1" xmlns:xsi="http://www.w3.org/2001/XMLSchema-instance"
         xsi:schemaLocation="eml://ecoinformatics.org/eml-2.1.1 http://rs.gbif.org/schema/eml-gbif-profile/1.2/eml.xsd"
packageId="4e5552d1-5eaf-40a3-b48b-01f92da22f17"  system="http://gbif.org" scope="system"
xml:lang="en">

    <dataset>
            <alternateIdentifier>10.15468/syisbx</alternateIdentifier>
                <alternateIdentifier>http://gbif.rom.on.ca/ipt/resource?r=fishes</alternateIdentifier>
                <alternateIdentifier>http://gbif.rom.on.ca:8180/ipt/resource?r=fishes</alternateIdentifier>
                <alternateIdentifier>http://gbif.rom.on.ca:8180/ipt/resource.do?r=fishes</alternateIdentifier>
                <alternateIdentifier>4e5552d1-5eaf-40a3-b48b-01f92da22f17</alternateIdentifier>
        <title>Ichthyology Collection - Royal Ontario Museum</title>
            <creator>
            <individualName>
<givenName>Bradley</givenName>                    <surName>Millen</surName>
            </individualName>
<organizationName>Royal Ontario Museum</organizationName><positionName>Database Technician</positionName>            <address>
<deliveryPoint>100 Queen&apos;s Park</deliveryPoint><city>Toronto</city><administrativeArea>Ontario</administrativeArea><postalCode>M5S 2C6</postalCode><country>CANADA</country>            </address>
<phone>1-416-586-5768</phone><electronicMailAddress>bradm@rom.on.ca</electronicMailAddress>            </creator>
            <metadataProvider>
            <individualName>
<givenName>Bradley</givenName>                    <surName>Millen</surName>
            </individualName>
<organizationName>Royal Ontario Museum</organizationName><positionName>Assistant Curator</positionName>            <address>
<deliveryPoint>100 Queen&apos;s Park</deliveryPoint><city>Toronto</city><administrativeArea>Ontario</administrativeArea><postalCode>M5S 2C6</postalCode><country>CANADA</country>            </address>
<phone>1-416-586-5768</phone><electronicMailAddress>bradm@rom.on.ca</electronicMailAddress>            </metadataProvider>
            <associatedParty>
            <individualName>
<givenName>Mary</givenName>                    <surName>Burridge</surName>
            </individualName>
<organizationName>Royal Ontario Museum</organizationName><positionName>Assistant Curator</positionName>            <address>
<deliveryPoint>100 Queen&apos;s Park</deliveryPoint><city>Toronto</city><administrativeArea>Ontario</administrativeArea><postalCode>M5S 2C6</postalCode><country>CANADA</country>            </address>
<phone>1-416-586-5760</phone><electronicMailAddress>maryb@rom.on.ca</electronicMailAddress><onlineUrl>http://rom.on.ca/en/collections-research/rom-staff/mary-burridge</onlineUrl>            <role>USER</role>
            </associatedParty>
            <associatedParty>
            <individualName>
<givenName>Richard</givenName>                    <surName>Winterbottom</surName>
            </individualName>
<organizationName>Royal Ontario Museum</organizationName><positionName>Curator - Retired</positionName>            <address>
<deliveryPoint>100 Queen&apos;s Park</deliveryPoint><city>Toronto</city><administrativeArea>Ontario</administrativeArea><postalCode>M5S 2C6</postalCode><country>CANADA</country>            </address>
<electronicMailAddress>rickw@rom.on.ca</electronicMailAddress><onlineUrl>http://www.rom.on.ca/en/collections-research/rom-staff/richard-winterbottom</onlineUrl>            <role>USER</role>
            </associatedParty>
            <associatedParty>
            <individualName>
<givenName>Hernán</givenName>                    <surName>López-Fernández</surName>
            </individualName>
<organizationName>Royal Ontario Museum</organizationName><positionName>Past Associate Curator</positionName>            <address>
<deliveryPoint>100 Queen&apos;s Park</deliveryPoint><city>Toronto</city><administrativeArea>Ontario</administrativeArea><postalCode>M5S 2C6</postalCode><country>CANADA</country>            </address>
<electronicMailAddress>hernanl@rom.on.ca</electronicMailAddress><onlineUrl>http://www.rom.on.ca/en/collections-research/rom-staff/hern%C3%A1n-l%C3%B3pez-fern%C3%A1ndez</onlineUrl>            <role>USER</role>
            </associatedParty>
            <pubDate>
                2019-10-01
            </pubDate>
        <language>ENGLISH</language>
            <abstract>
                    <para>The ROM ichthyology collection has over one million specimens of approximately 7,000 species from around the world. The collection currently holds over 93,000 catalogued lots, including 124 holotypes and 1,045 paratypes, with additional types being added regularly through both in-house and collaborative research. The ROM houses the largest and most diverse collection of Canadian freshwater fishes in existence. Of the 232 known fish species in Canada, the ROM collection presently holds 212, or over 91%, and provides a critical tool for studies on disappearing wildlife. Highlights of the fish collection include the last Atlantic Salmon specimens from Lake Ontario before their extirpation in the 1850s; a Coelacanth from the Comore Islands; the world record Lake Trout from Lake Athabasca, Alberta; the Canadian record Muskellunge from the Moon River, Ontario; and one of the world’s smallest vertebrates, Trimmatom nanus from the Indian Ocean.</para>
            </abstract>
                <keywordSet>
                        <keyword>Occurrence; ROM; Royal Ontario Museum; Fishes; North America; Gobies; Esox species; Canada; Ontario; whole specimens in ETOH</keyword>
                        <keywordThesaurus>GBIF Dataset Type Vocabulary: http://rs.gbif.org/vocabulary/gbif/dataset_type.xml</keywordThesaurus>
                </keywordSet>
                <keywordSet>
                        <keyword>Specimen</keyword>
                        <keywordThesaurus>GBIF Dataset Subtype Vocabulary: http://rs.gbif.org/vocabulary/gbif/dataset_subtype.xml</keywordThesaurus>
                </keywordSet>
            <intellectualRights>
                    <para>This work is licensed under a <ulink url="http://creativecommons.org/licenses/by-nc/4.0/legalcode"><citetitle>Creative Commons Attribution Non Commercial (CC-BY-NC) 4.0 License</citetitle></ulink>.</para>
            </intellectualRights>
            <coverage>
                    <geographicCoverage>
                            <geographicDescription>Specimens represent all continents and oceans.</geographicDescription>
                            <boundingCoordinates>
                                <westBoundingCoordinate>-180</westBoundingCoordinate>
                                <eastBoundingCoordinate>180</eastBoundingCoordinate>
                                <northBoundingCoordinate>90</northBoundingCoordinate>
                                <southBoundingCoordinate>-90</southBoundingCoordinate>
                            </boundingCoordinates>
                    </geographicCoverage>
            </coverage>
            <maintenance>
                <description>
                    <para></para>
                </description>
                <maintenanceUpdateFrequency>unkown</maintenanceUpdateFrequency>
            </maintenance>
            <contact>
            <individualName>
<givenName>Erling</givenName>                    <surName>Holm</surName>
            </individualName>
<organizationName>Royal Ontario Museum</organizationName><positionName>Assistant Curator</positionName>            <address>
<deliveryPoint>100 Queen&apos;s Park</deliveryPoint><city>Toronto</city><administrativeArea>Ontario</administrativeArea><postalCode>M5S 2C6</postalCode><country>CANADA</country>            </address>
<phone>1-416-586-5760</phone><electronicMailAddress>erlingh@rom.on.ca</electronicMailAddress><onlineUrl>http://www.rom.on.ca/en/collections-research/rom-staff/erling-holm</onlineUrl>            </contact>

    </dataset>

    <additionalMetadata>
        <metadata>
            <gbif>
                <dateStamp>2023-01-20T19:50:30Z</dateStamp>
                <citation>Millen B (2019). Ichthyology Collection - Royal Ontario Museum. Version 18.7. Royal Ontario Museum. Occurrence dataset https://doi.org/10.15468/syisbx accessed via GBIF.org on 2023-01-20.</citation>
                    <resourceLogoUrl>http://gbif.rom.on.ca:8180/ipt/logo.do?r=fishes</resourceLogoUrl>
                        <collection>
                            <parentCollectionIdentifier>Royal Ontario Museum (urn:lsid:biocol.org:col:34778)</parentCollectionIdentifier>
                            <collectionIdentifier>urn:lsid:biocol.org:col:35195</collectionIdentifier>
                            <collectionName>Ichthyology</collectionName>
                        </collection>
                        <specimenPreservationMethod>ALCOHOL</specimenPreservationMethod>
                    <livingTimePeriod>1830 to present</livingTimePeriod>
            </gbif>
        </metadata>
    </additionalMetadata>

</eml:eml>
