<?xml version="1.0" encoding="utf-8"?>
<eml:eml xmlns:eml="eml://ecoinformatics.org/eml-2.1.1" xmlns:xsi="http://www.w3.org/2001/XMLSchema-instance"
         xsi:schemaLocation="eml://ecoinformatics.org/eml-2.1.1 http://rs.gbif.org/schema/eml-gbif-profile/1.2/eml.xsd"
packageId="5b0cfab4-9145-4fe2-89e3-fcbc294aa5b2"  system="http://gbif.org" scope="system"
xml:lang="en">

    <dataset>
            <alternateIdentifier>10.15468/5bcx5a</alternateIdentifier>
                <alternateIdentifier>http://ipt.nhm.ku.edu/resource?r=kubi_vertpaleo</alternateIdentifier>
                <alternateIdentifier>http://ipt.nhm.ku.edu:8080/ipt/resource?r=kubi_vertpaleo</alternateIdentifier>
                <alternateIdentifier>http://ipt.nhm.ku.edu/ipt/resource?r=kubi_vertpaleo</alternateIdentifier>
                <alternateIdentifier>http://ipt.nhm.ku.edu/ipt/resource.do?r=kubi_vertpaleo</alternateIdentifier>
                <alternateIdentifier>5b0cfab4-9145-4fe2-89e3-fcbc294aa5b2</alternateIdentifier>
        <title>KUBI Vertebrate Paleontology Collection</title>
            <creator>
            <individualName>
<givenName>Andrew</givenName>                    <surName>Bentley</surName>
            </individualName>
<organizationName>University of Kansas, Biodiversity Institute</organizationName><positionName>Bioinformatics Manager</positionName>            <address>
<deliveryPoint>1345 Jayhawk Blvd</deliveryPoint><city>Lawrence</city><administrativeArea>KS</administrativeArea><postalCode>66045</postalCode><country>UNITED_STATES</country>            </address>
<phone>+01 (785) 864-3863</phone><electronicMailAddress>m896s904@ku.edu</electronicMailAddress><onlineUrl>https://biodiversity.ku.edu</onlineUrl>            </creator>
            <metadataProvider>
            <individualName>
<givenName>Megan</givenName>                    <surName>Sims</surName>
            </individualName>
<organizationName>University of Kansas, Biodiversity Institute</organizationName><positionName>Collection Manager</positionName>            <address>
<deliveryPoint>1345 Jayhawk Blvd</deliveryPoint><city>Lawrence</city><administrativeArea>KS</administrativeArea><postalCode>66045</postalCode><country>UNITED_STATES</country>            </address>
<phone>+01 (785) 864-0653</phone><electronicMailAddress>m896s904@ku.edu</electronicMailAddress><onlineUrl>https://biodiversity.ku.edu/vertebrate-paleotology</onlineUrl>            </metadataProvider>
            <associatedParty>
            <individualName>
<givenName>K Christopher</givenName>                    <surName>Beard</surName>
            </individualName>
<organizationName>University of Kansas, Biodiversity Institute</organizationName><positionName>Senior Curator</positionName>            <address>
<deliveryPoint>1345 Jayhawk Blvd</deliveryPoint><city>Lawrence</city><administrativeArea>KS - Kansas</administrativeArea><postalCode>66045</postalCode><country>UNITED_STATES</country>            </address>
<phone>+1 (785) 864-4185</phone><electronicMailAddress>chris.beard@ku.edu</electronicMailAddress><onlineUrl>https://biodiversity.ku.edu/vertebrate-paleontology</onlineUrl>            <role>CURATOR</role>
            </associatedParty>
            <associatedParty>
            <individualName>
<givenName>David</givenName>                    <surName>Burnham</surName>
            </individualName>
<organizationName>University of Kansas, Biodiversity Institute</organizationName><positionName>Preparator</positionName>            <address>
<deliveryPoint>1345 Jayhawk Boulevard</deliveryPoint><city>Lawrence</city><administrativeArea>KS</administrativeArea><postalCode>66045</postalCode><country>UNITED_STATES</country>            </address>
<phone>+1 (785) 864-3917</phone><electronicMailAddress>dinosaur@ku.edu</electronicMailAddress><onlineUrl>https://biodiversity.ku.edu/vertebrate-paleontology</onlineUrl>            <role>CUSTODIAN_STEWARD</role>
            </associatedParty>
            <pubDate>
                2022-12-05
            </pubDate>
        <language>ENGLISH</language>
            <abstract>
                    <para>The vertebrate paleontology program at the University of Kansas has, for over a century, sustained a national and international reputation. The reputation of the collection has been based more on intensive use than on sheer size. We now hold over 150,000 cataloged specimens (&amp;gt;75,000 are available in digital format) and around 400 publications related to our collections have been published in the last 35 years.  Research strengths include: Paleozoic and Mesozoic fishes, Paleozoic tetrapods, Mesozoic marine vertebrates, Cenozoic small mammals and Natural Trap Cave fauna.</para>
            </abstract>
                <keywordSet>
                        <keyword>Specimen</keyword>
                        <keywordThesaurus>GBIF Dataset Subtype Vocabulary: http://rs.gbif.org/vocabulary/gbif/dataset_subtype.xml</keywordThesaurus>
                </keywordSet>
                <keywordSet>
                        <keyword>Occurrence</keyword>
                        <keywordThesaurus>GBIF Dataset Type Vocabulary: http://rs.gbif.org/vocabulary/gbif/dataset_type.xml</keywordThesaurus>
                </keywordSet>
                <keywordSet>
                        <keyword>Occurrence</keyword>
                        <keywordThesaurus>GBIF Dataset Type Vocabulary: http://rs.gbif.org/vocabulary/gbif/dataset_type_2015-07-10.xml</keywordThesaurus>
                </keywordSet>
            <additionalInfo>
                <para>http://biodiversity.ku.edu/research/university-kansas-biodiversity-institute-data-publication-and-use-norms</para>
            </additionalInfo>
            <intellectualRights>
                    <para>This work is licensed under a <ulink url="http://creativecommons.org/licenses/by/4.0/legalcode"><citetitle>Creative Commons Attribution (CC-BY) 4.0 License</citetitle></ulink>.</para>
            </intellectualRights>
            <distribution scope="document">
                <online>
                    <url function="information">http://biodiversity.ku.edu/vertebrate-paleontology/collections</url>
                </online>
            </distribution>
            <coverage>
                    <geographicCoverage>
                            <geographicDescription>We or our students have conducted fieldwork throughout the United States and in Canada, Argentina, Brazil, Mexico, Peru, Chile, Germany, Korea, China, and Ethiopia.</geographicDescription>
                            <boundingCoordinates>
                                <westBoundingCoordinate>-180</westBoundingCoordinate>
                                <eastBoundingCoordinate>180</eastBoundingCoordinate>
                                <northBoundingCoordinate>90</northBoundingCoordinate>
                                <southBoundingCoordinate>-90</southBoundingCoordinate>
                            </boundingCoordinates>
                    </geographicCoverage>
                        <taxonomicCoverage>
                                <taxonomicClassification>
                                        <taxonRankName>Class</taxonRankName>
                                    <taxonRankValue>MAMMALIA</taxonRankValue>
                                </taxonomicClassification>
                                <taxonomicClassification>
                                        <taxonRankName>Class</taxonRankName>
                                    <taxonRankValue>REPTILIA</taxonRankValue>
                                </taxonomicClassification>
                                <taxonomicClassification>
                                        <taxonRankName>Class</taxonRankName>
                                    <taxonRankValue>ACTINOPTERYGII</taxonRankValue>
                                </taxonomicClassification>
                                <taxonomicClassification>
                                        <taxonRankName>Class</taxonRankName>
                                    <taxonRankValue>AVES</taxonRankValue>
                                </taxonomicClassification>
                                <taxonomicClassification>
                                        <taxonRankName>Class</taxonRankName>
                                    <taxonRankValue>CHONDRICHTHYES</taxonRankValue>
                                </taxonomicClassification>
                                <taxonomicClassification>
                                        <taxonRankName>Class</taxonRankName>
                                    <taxonRankValue>AMPHIBIA</taxonRankValue>
                                </taxonomicClassification>
                                <taxonomicClassification>
                                        <taxonRankName>Class</taxonRankName>
                                    <taxonRankValue>DIPNOI</taxonRankValue>
                                </taxonomicClassification>
                                <taxonomicClassification>
                                        <taxonRankName>Class</taxonRankName>
                                    <taxonRankValue>PLACODERMI</taxonRankValue>
                                </taxonomicClassification>
                                <taxonomicClassification>
                                        <taxonRankName>Class</taxonRankName>
                                    <taxonRankValue>AGNATHA</taxonRankValue>
                                </taxonomicClassification>
                                <taxonomicClassification>
                                        <taxonRankName>Class</taxonRankName>
                                    <taxonRankValue>ACANTHODII</taxonRankValue>
                                </taxonomicClassification>
                                <taxonomicClassification>
                                        <taxonRankName>Class</taxonRankName>
                                    <taxonRankValue>CROSSOPTERYGII</taxonRankValue>
                                </taxonomicClassification>
                                <taxonomicClassification>
                                        <taxonRankName>Class</taxonRankName>
                                    <taxonRankValue>OSTEICHTHYES</taxonRankValue>
                                </taxonomicClassification>
                        </taxonomicCoverage>
            </coverage>
            <maintenance>
                <description>
                    <para></para>
                </description>
                <maintenanceUpdateFrequency>unkown</maintenanceUpdateFrequency>
            </maintenance>
            <contact>
            <individualName>
<givenName>Megan</givenName>                    <surName>Sims</surName>
            </individualName>
<organizationName>University of Kansas, Biodiversity Institute</organizationName><positionName>Collection Manager</positionName>            <address>
<deliveryPoint>1345 Jayhawk Blvd</deliveryPoint><city>Lawrence</city><administrativeArea>KS</administrativeArea><postalCode>66045</postalCode><country>UNITED_STATES</country>            </address>
<phone>+01 (785) 864-0653</phone><electronicMailAddress>m896s904@ku.edu</electronicMailAddress><onlineUrl>https://biodiversity.ku.edu/vertebrate-paleotology</onlineUrl>            </contact>

    </dataset>

    <additionalMetadata>
        <metadata>
            <gbif>
                <dateStamp>2023-01-20T19:50:37Z</dateStamp>
                <citation>Bentley A, Sims M (2022). KUBI Vertebrate Paleontology Collection. Version 8.65. University of Kansas Biodiversity Institute. Occurrence dataset https://doi.org/10.15468/5bcx5a accessed via GBIF.org on 2023-01-20.</citation>
            </gbif>
        </metadata>
    </additionalMetadata>

</eml:eml>
