<?xml version="1.0" encoding="utf-8"?>
<eml:eml xmlns:eml="eml://ecoinformatics.org/eml-2.1.1" xmlns:xsi="http://www.w3.org/2001/XMLSchema-instance"
         xsi:schemaLocation="eml://ecoinformatics.org/eml-2.1.1 http://rs.gbif.org/schema/eml-gbif-profile/1.2/eml.xsd"
packageId="8379962a-f762-11e1-a439-00145eb45e9a"  system="http://gbif.org" scope="system"
xml:lang="en">

    <dataset>
            <alternateIdentifier>10.15468/emdpoi</alternateIdentifier>
                <alternateIdentifier>https://ipt.gbif.es/resource?r=mncn_ictio</alternateIdentifier>
                <alternateIdentifier>8379962a-f762-11e1-a439-00145eb45e9a</alternateIdentifier>
                <alternateIdentifier>290</alternateIdentifier>
        <title>Museo Nacional de Ciencias Naturales, Madrid: MNCN_ICTIO</title>
            <creator>
<organizationName>Spanish National Museum of Natural Sciences (CSIC)</organizationName>            </creator>
            <creator>
            <individualName>
<givenName>Gema</givenName>                    <surName>Solís Fraile</surName>
            </individualName>
<organizationName>Spanish National Museum of Natural Sciences (CSIC)</organizationName>            <address>
<country>SPAIN</country>            </address>
<electronicMailAddress>gsolis@mncn.csic.es</electronicMailAddress>            </creator>
            <metadataProvider>
            <individualName>
<givenName>Gema</givenName>                    <surName>Solís Fraile</surName>
            </individualName>
<organizationName>Spanish National Museum of Natural Sciences (CSIC)</organizationName>            <address>
<country>SPAIN</country>            </address>
<electronicMailAddress>gsolis@mncn.csic.es</electronicMailAddress>            </metadataProvider>
            <pubDate>
                2020-06-18
            </pubDate>
        <language>ENGLISH</language>
            <abstract>
                    <para>The Collection of Ichthyology of the Museo Nacional de Ciencias Naturales (Spain) is the largest of the vertebrate collections in this Museum. It holds more than 300.000 specimens, many of them belonging to Spanish fauna. In the GBIF there are 200,385 individuals with taxonomic information, 171,028 individuals with information about the Country of the data sample and 168,463 individual with information about the specific locality of the data sample. The data base of the collection is under review and therefore, we expect to add more information in the future. For any specific information query write the Curator, Gema Solis; gsolis&amp;#64;mncn.csic.es</para>
                    <para>Note: this dataset was previously orphaned. It has been rescued by ① extracting it from the GBIF.org index (see GBIF Download in External Data) and ② republishing it on this IPT data hosting centre as version 1.0.</para>
            </abstract>
                <keywordSet>
                        <keyword>Occurrence</keyword>
                        <keywordThesaurus>GBIF Dataset Type Vocabulary: http://rs.gbif.org/vocabulary/gbif/dataset_type.xml</keywordThesaurus>
                </keywordSet>
            <intellectualRights>
                    <para>This work is licensed under a <ulink url="http://creativecommons.org/licenses/by-nc/4.0/legalcode"><citetitle>Creative Commons Attribution Non Commercial (CC-BY-NC) 4.0 License</citetitle></ulink>.</para>
            </intellectualRights>
            <distribution scope="document">
                <online>
                    <url function="information">http://www.mncn.csic.es/coictiologia.htm</url>
                </online>
            </distribution>
            <maintenance>
                <description>
                    <para></para>
                </description>
                <maintenanceUpdateFrequency>unkown</maintenanceUpdateFrequency>
            </maintenance>
            <contact>
            <individualName>
<givenName>Gema</givenName>                    <surName>Solís Fraile</surName>
            </individualName>
<organizationName>Spanish National Museum of Natural Sciences (CSIC)</organizationName>            <address>
<country>SPAIN</country>            </address>
<electronicMailAddress>gsolis@mncn.csic.es</electronicMailAddress>            </contact>

    </dataset>

    <additionalMetadata>
        <metadata>
            <gbif>
                <dateStamp>2023-01-20T19:50:38Z</dateStamp>
                <citation>Solís Fraile G (2020). Museo Nacional de Ciencias Naturales, Madrid: MNCN_ICTIO. Museo Nacional de Ciencias Naturales (CSIC). Occurrence dataset https://doi.org/10.15468/emdpoi accessed via GBIF.org on 2023-01-20.</citation>
                    <physical>
                        <objectName>GBIF Occurrence Download</objectName>
                        <characterEncoding>UTF-8</characterEncoding>
                        <dataFormat>
                            <externallyDefinedFormat>
                                <formatName>Darwin Core Archive</formatName>
                            </externallyDefinedFormat>
                        </dataFormat>
                        <distribution>
                            <online>
                                <url function="download">http://api.gbif.org/v1/occurrence/download/request/0002132-180131172636756.zip</url>
                            </online>
                        </distribution>
                    </physical>
            </gbif>
        </metadata>
    </additionalMetadata>

</eml:eml>
