<?xml version="1.0" encoding="utf-8"?>
<eml:eml xmlns:eml="eml://ecoinformatics.org/eml-2.1.1" xmlns:xsi="http://www.w3.org/2001/XMLSchema-instance"
         xsi:schemaLocation="eml://ecoinformatics.org/eml-2.1.1 http://rs.gbif.org/schema/eml-gbif-profile/1.2/eml.xsd"
packageId="8502ed8e-f762-11e1-a439-00145eb45e9a"  system="http://gbif.org" scope="system"
xml:lang="en">

    <dataset>
            <alternateIdentifier>10.15468/o5d48z</alternateIdentifier>
                <alternateIdentifier>783</alternateIdentifier>
        <title>CNPE/Coleccion Nacional de Peces</title>
            <associatedParty>
            <individualName>
                    <surName>Ubaldo Melo Samper Palacios</surName>
            </individualName>
<phone>+52 55 56228971</phone><electronicMailAddress>ubaldo@unibio.unam.mx</electronicMailAddress>            <role>TECHNICAL_POINT_OF_CONTACT</role>
            </associatedParty>
            <associatedParty>
            <individualName>
                    <surName>Daniel Pérez Castillo</surName>
            </individualName>
<phone>+52 55 56228971</phone><electronicMailAddress>daniel@unibio.unam.mx</electronicMailAddress>            <role>TECHNICAL_POINT_OF_CONTACT</role>
            </associatedParty>
        <language>ENGLISH</language>
            <intellectualRights>
                    <para>This work is licensed under a <ulink url="http://creativecommons.org/licenses/by-nc/4.0/legalcode"><citetitle>Creative Commons Attribution Non Commercial (CC-BY-NC) 4.0 License</citetitle></ulink>.</para>
            </intellectualRights>
            <distribution scope="document">
                <online>
                    <url function="information">http://digir.unibio.unam.mx</url>
                </online>
            </distribution>
            <maintenance>
                <description>
                    <para></para>
                </description>
                <maintenanceUpdateFrequency>unkown</maintenanceUpdateFrequency>
            </maintenance>
            <contact>
            <individualName>
                    <surName>Joaquín Giménez Héau</surName>
            </individualName>
<phone>+52 55 56228969</phone><electronicMailAddress>joaquin@unibio.unam.mx</electronicMailAddress>            </contact>
            <contact>
            <individualName>
                    <surName>Héctor Espinoza Pérez</surName>
            </individualName>
<phone>+52 55 56229161 ext. 47819</phone><electronicMailAddress>hector@servidor.unam.mx</electronicMailAddress>            </contact>

    </dataset>

    <additionalMetadata>
        <metadata>
            <gbif>
                <dateStamp>2023-01-20T19:50:27Z</dateStamp>
                <citation>UNIBIO, IBUNAM. CNPE/Coleccion Nacional de Peces. Occurrence dataset https://doi.org/10.15468/o5d48z accessed via GBIF.org on 2023-01-20.</citation>
                    <physical>
                        <objectName>GBIF Occurrence Download</objectName>
                        <characterEncoding>UTF-8</characterEncoding>
                        <dataFormat>
                            <externallyDefinedFormat>
                                <formatName>Darwin Core Archive</formatName>
                            </externallyDefinedFormat>
                        </dataFormat>
                        <distribution>
                            <online>
                                <url function="download">http://api.gbif.org/v1/occurrence/download/request/0015769-180131172636756.zip</url>
                            </online>
                        </distribution>
                    </physical>
            </gbif>
        </metadata>
    </additionalMetadata>

</eml:eml>
