<?xml version="1.0" encoding="utf-8"?>
<eml:eml xmlns:eml="eml://ecoinformatics.org/eml-2.1.1" xmlns:xsi="http://www.w3.org/2001/XMLSchema-instance"
         xsi:schemaLocation="eml://ecoinformatics.org/eml-2.1.1 http://rs.gbif.org/schema/eml-gbif-profile/1.2/eml.xsd"
packageId="84a1a7e0-f762-11e1-a439-00145eb45e9a"  system="http://gbif.org" scope="system"
xml:lang="en">

    <dataset>
            <alternateIdentifier>10.15468/w3dzv1</alternateIdentifier>
                <alternateIdentifier>http://science-net.kahaku.go.jp/ipt2/resource?r=snet-1188-126</alternateIdentifier>
                <alternateIdentifier>84a1a7e0-f762-11e1-a439-00145eb45e9a</alternateIdentifier>
                <alternateIdentifier>612</alternateIdentifier>
        <title>Fish collection of National Museum of Nature and Science</title>
            <creator>
            <individualName>
<givenName>Masanori</givenName>                    <surName>Nakae</surName>
            </individualName>
<organizationName>National Museum of Nature and Science</organizationName><positionName>Curator</positionName>            <address>
<country>JAPAN</country>            </address>
<electronicMailAddress>nakae@kahaku.go.jp</electronicMailAddress>            </creator>
            <metadataProvider>
            <individualName>
<givenName>Gento</givenName>                    <surName>Shinohara</surName>
            </individualName>
<organizationName>National Museum of Nature and Science</organizationName><positionName>Senior Curator</positionName>            <address>
<country>JAPAN</country>            </address>
<electronicMailAddress>s-gento@kahaku.go.jp</electronicMailAddress>            </metadataProvider>
            <pubDate>
                2021-12-07
            </pubDate>
        <language>ENGLISH</language>
            <abstract>
                    <para>Fish specimens deposited at the Department of Zoology, National Museum of Nature and Science</para>
            </abstract>
                <keywordSet>
                        <keyword>Occurrence</keyword>
                        <keywordThesaurus>GBIF Dataset Type Vocabulary: http://rs.gbif.org/vocabulary/gbif/dataset_type.xml</keywordThesaurus>
                </keywordSet>
                <keywordSet>
                        <keyword>Occurrence</keyword>
                        <keywordThesaurus>GBIF Dataset Type Vocabulary: http://rs.gbif.org/vocabulary/gbif/dataset_type_2015-07-10.xml</keywordThesaurus>
                </keywordSet>
            <intellectualRights>
                    <para>This work is licensed under a <ulink url="http://creativecommons.org/licenses/by/4.0/legalcode"><citetitle>Creative Commons Attribution (CC-BY) 4.0 License</citetitle></ulink>.</para>
            </intellectualRights>
            <distribution scope="document">
                <online>
                    <url function="information">http://db.kahaku.go.jp/webmuseum_en/</url>
                </online>
            </distribution>
            <maintenance>
                <description>
                    <para></para>
                </description>
                <maintenanceUpdateFrequency>unkown</maintenanceUpdateFrequency>
            </maintenance>
            <contact>
            <individualName>
<givenName>Gento</givenName>                    <surName>Shinohara</surName>
            </individualName>
<organizationName>National Museum of Nature and Science</organizationName><positionName>Senior Curator</positionName>            <address>
<country>JAPAN</country>            </address>
<electronicMailAddress>s-gento@kahaku.go.jp</electronicMailAddress><onlineUrl>http://www.kahaku.go.jp/english/</onlineUrl>            </contact>

    </dataset>

    <additionalMetadata>
        <metadata>
            <gbif>
                <dateStamp>2023-01-20T19:53:05Z</dateStamp>
                <citation>Nakae M, Shinohara G (2021). Fish collection of National Museum of Nature and Science. National Museum of Nature and Science, Japan. Occurrence dataset https://doi.org/10.15468/w3dzv1 accessed via GBIF.org on 2023-01-20.</citation>
            </gbif>
        </metadata>
    </additionalMetadata>

</eml:eml>
