<?xml version="1.0" encoding="utf-8"?>
<eml:eml xmlns:eml="eml://ecoinformatics.org/eml-2.1.1" xmlns:xsi="http://www.w3.org/2001/XMLSchema-instance"
         xsi:schemaLocation="eml://ecoinformatics.org/eml-2.1.1 http://rs.gbif.org/schema/eml-gbif-profile/1.2/eml.xsd"
packageId="8f79c802-a58c-447f-99aa-1d6a0790825a"  system="http://gbif.org" scope="system"
xml:lang="en">

    <dataset>
            <alternateIdentifier>10.15468/mgjasg</alternateIdentifier>
                <alternateIdentifier>http://ipt.nhm.ku.edu/resource?r=kubi_ichthyology</alternateIdentifier>
                <alternateIdentifier>http://ipt.nhm.ku.edu:8080/ipt/resource?r=kubi_ichthyology</alternateIdentifier>
                <alternateIdentifier>http://ipt.nhm.ku.edu/ipt/resource?r=kubi_ichthyology</alternateIdentifier>
                <alternateIdentifier>http://ipt.nhm.ku.edu/ipt/resource.do?r=kubi_ichthyology</alternateIdentifier>
                <alternateIdentifier>8f79c802-a58c-447f-99aa-1d6a0790825a</alternateIdentifier>
                <alternateIdentifier>14304</alternateIdentifier>
        <title>KUBI Ichthyology Collection</title>
            <creator>
            <individualName>
<givenName>Andrew</givenName>                    <surName>Bentley</surName>
            </individualName>
<organizationName>University of Kansas, Biodiversity Institute</organizationName><positionName>Bioinformatics Manager</positionName>            <address>
<deliveryPoint>1345 Jayhawk Blvd</deliveryPoint><city>Lawrence</city><administrativeArea>KS</administrativeArea><postalCode>66045</postalCode><country>UNITED_STATES</country>            </address>
<phone>+1 (785) 864-3863</phone><electronicMailAddress>abentley@ku.edu</electronicMailAddress><onlineUrl>https://biodiversity.ku.edu/</onlineUrl>            </creator>
            <metadataProvider>
            <individualName>
<givenName>Andrew</givenName>                    <surName>Bentley</surName>
            </individualName>
<organizationName>KU Biodiversity Institute</organizationName><positionName>Collection Manager</positionName>            <address>
<deliveryPoint>1345 Jayhawk Blvd</deliveryPoint><city>Lawrence</city><administrativeArea>KS</administrativeArea><postalCode>66045</postalCode><country>UNITED_STATES</country>            </address>
<phone>+1 (785) 864-3863</phone><electronicMailAddress>abentley@ku.edu</electronicMailAddress><onlineUrl>https://biodiversity.ku.edu/ichthyology</onlineUrl>            </metadataProvider>
            <associatedParty>
            <individualName>
<givenName>William Leo</givenName>                    <surName>Smith</surName>
            </individualName>
<organizationName>University of Kansas, Biodiversity Institute</organizationName><positionName>Curator</positionName>            <address>
<deliveryPoint>1345 Jayhawk Boulevard</deliveryPoint><city>Lawrence</city><administrativeArea>KS</administrativeArea><postalCode>66045</postalCode><country>UNITED_STATES</country>            </address>
<phone>+1 (785) 864-6874</phone><electronicMailAddress>leosmith@ku.edu</electronicMailAddress><onlineUrl>https://biodiversity.ku.edu/ichthyology</onlineUrl>            <role>CURATOR</role>
            </associatedParty>
            <pubDate>
                2022-12-05
            </pubDate>
        <language>ENGLISH</language>
            <abstract>
                    <para>The University of Kansas Ichthyology collection contains more than 680,000 specimens of fishes from around the world and is the basis of the research and educational activities of the Division of Ichthyology. The collection has an emphasis on freshwater fishes of the central United States and also has significant marine and estuarine collections. The fish collection has representation from 3171 taxa (297 families and 1262 genera) and 79 countries including Ecuador, Fiji, Mexico, Nepal, Nicaragua and various marine localities. The collections and the scope of research activities in the division continue to grow due to the ongoing activities of ichthyology staff and students.

The collection is used by national and international researchers as well as by state and federal agencies. The Division of Ichthyology is designated as a Regional Center in the Midwest and Great Plains Regions (Collette &amp;amp; Lachner 1976, Copeia 1976: 625-642; Poss and Collette 1995, Copeia 1995: 48-70) and is among the top twenty ichthyological collections in the country. Almost 60% of the specimens in the collection are from the Great Plains Region. The collection is an important resource for anyone interested in the region&amp;#39;s fishes. The data concerning these faunas are not extensively duplicated by other ichthyological collections.

The Ichthyology collection comprises whole, wet, voucher specimens in 70% ethanol (98%), specimens maintained as dry skeletons (0.3%) and cleared and stained preparations in glycerine (1.7%). Other ancillary collections include a large slide and digital image collection of specimens and locations (some of which are linked to specimen records through the database), a large field note collection and a map collection.

The wet specimens are housed in a state-of-the-art fluid collection facility, opened in 1996. The facility has 2,400 square feet of collection storage space on four floors and is shared with Herpetology, Mammalogy, Ornithology, Entomology and Invertebrate Zoology. The collection storage environment is maintained at 65°F year-round by an HVAC system. Specimens are housed in state of the art glassware and stainless steel tanks and protected by a sprinkler fire suppression system and UV-shielded lighting. The division has both morphological research facilities and a shared molecular systematic laboratory.</para>
            </abstract>
                <keywordSet>
                        <keyword>USA</keyword>
                        <keyword>Specify Software</keyword>
                        <keyword>fish</keyword>
                        <keyword>ichthyology</keyword>
                        <keyword>Kansas</keyword>
                        <keywordThesaurus>n/a</keywordThesaurus>
                </keywordSet>
                <keywordSet>
                        <keyword>Specimen</keyword>
                        <keywordThesaurus>GBIF Dataset Subtype Vocabulary: http://rs.gbif.org/vocabulary/gbif/dataset_subtype.xml</keywordThesaurus>
                </keywordSet>
                <keywordSet>
                        <keyword>Occurrence</keyword>
                        <keywordThesaurus>GBIF Dataset Type Vocabulary: http://rs.gbif.org/vocabulary/gbif/dataset_type.xml</keywordThesaurus>
                </keywordSet>
                <keywordSet>
                        <keyword>Occurrence</keyword>
                        <keywordThesaurus>GBIF Dataset Type Vocabulary: http://rs.gbif.org/vocabulary/gbif/dataset_type_2015-07-10.xml</keywordThesaurus>
                </keywordSet>
            <additionalInfo>
                <para>http://biodiversity.ku.edu/research/university-kansas-biodiversity-institute-data-publication-and-use-norms</para>
            </additionalInfo>
            <intellectualRights>
                    <para>This work is licensed under a <ulink url="http://creativecommons.org/licenses/by/4.0/legalcode"><citetitle>Creative Commons Attribution (CC-BY) 4.0 License</citetitle></ulink>.</para>
            </intellectualRights>
            <distribution scope="document">
                <online>
                    <url function="information">http://biodiversity.ku.edu/ichthyology/collections</url>
                </online>
            </distribution>
            <coverage>
                    <geographicCoverage>
                            <geographicDescription>The fish collection has representation from 79 countries including Ecuador, Fiji, Mexico, Nepal, Nicaragua and various marine localities.</geographicDescription>
                            <boundingCoordinates>
                                <westBoundingCoordinate>-180</westBoundingCoordinate>
                                <eastBoundingCoordinate>180</eastBoundingCoordinate>
                                <northBoundingCoordinate>90</northBoundingCoordinate>
                                <southBoundingCoordinate>-90</southBoundingCoordinate>
                            </boundingCoordinates>
                    </geographicCoverage>
                    <temporalCoverage>
                            <rangeOfDates>
                                <beginDate>
                                    <calendarDate>                1880
</calendarDate>
                                </beginDate>
                                <endDate>
                                    <calendarDate>                1880
</calendarDate>
                                </endDate>
                            </rangeOfDates>
                    </temporalCoverage>
                        <taxonomicCoverage>
                                <taxonomicClassification>
                                        <taxonRankName>Class</taxonRankName>
                                    <taxonRankValue>Actinistia</taxonRankValue>
                                </taxonomicClassification>
                                <taxonomicClassification>
                                        <taxonRankName>Class</taxonRankName>
                                    <taxonRankValue>Actinopterygii</taxonRankValue>
                                </taxonomicClassification>
                                <taxonomicClassification>
                                        <taxonRankName>Class</taxonRankName>
                                    <taxonRankValue>Cephalaspidomorphi</taxonRankValue>
                                </taxonomicClassification>
                                <taxonomicClassification>
                                        <taxonRankName>Class</taxonRankName>
                                    <taxonRankValue>Elasmobranchii</taxonRankValue>
                                </taxonomicClassification>
                                <taxonomicClassification>
                                        <taxonRankName>Class</taxonRankName>
                                    <taxonRankValue>Myxini</taxonRankValue>
                                </taxonomicClassification>
                                <taxonomicClassification>
                                        <taxonRankName>Class</taxonRankName>
                                    <taxonRankValue>Sarcopterygii</taxonRankValue>
                                </taxonomicClassification>
                        </taxonomicCoverage>
            </coverage>
            <maintenance>
                <description>
                    <para></para>
                </description>
                <maintenanceUpdateFrequency>unkown</maintenanceUpdateFrequency>
            </maintenance>
            <contact>
            <individualName>
<givenName>Andrew</givenName>                    <surName>Bentley</surName>
            </individualName>
<organizationName>University of Kansas, Biodiversity Institute</organizationName><positionName>Collection Manager</positionName>            <address>
<deliveryPoint>1345 Jayhawk Blvd</deliveryPoint><city>Lawrence</city><administrativeArea>KS</administrativeArea><postalCode>66045</postalCode><country>UNITED_STATES</country>            </address>
<phone>+1 (785) 864-3863</phone><electronicMailAddress>abentley@ku.edu</electronicMailAddress><onlineUrl>https://biodiversity.ku.edu/ichthyology</onlineUrl>            </contact>

            <project >
                <title>University of Kansas Biodiversity Institute Fish collection</title>
                    <personnel>
            <individualName>
<givenName>Andrew</givenName>                    <surName>Bentley</surName>
            </individualName>
            <role>CONTENT_PROVIDER</role>
                    </personnel>
                <abstract>
                    <para></para>
                </abstract>
                <funding>
                    <para></para>
                </funding>
            </project>
    </dataset>

    <additionalMetadata>
        <metadata>
            <gbif>
                <dateStamp>2023-01-20T19:53:01Z</dateStamp>
                <citation>University of Kansas Biodiversity Institute Ichthyology Collection https://doi.org/10.15468/mgjasg accessed via GBIF.org on 2023-01-20.</citation>
                        <collection>
                            <parentCollectionIdentifier>KU</parentCollectionIdentifier>
                            <collectionIdentifier>KUI</collectionIdentifier>
                            <collectionName>KUBI Ichthyology Collection</collectionName>
                        </collection>
                        <specimenPreservationMethod>ALCOHOL</specimenPreservationMethod>
                            <jgtiCuratorialUnit>
                                <jgtiUnitType>Ethanol jars</jgtiUnitType>
                                <jgtiUnits uncertaintyMeasure="100">45,000</jgtiUnits>
                            </jgtiCuratorialUnit>
                            <jgtiCuratorialUnit>
                                <jgtiUnitType>Skeletal boxes</jgtiUnitType>
                                <jgtiUnits uncertaintyMeasure="100">1,000</jgtiUnits>
                            </jgtiCuratorialUnit>
            </gbif>
        </metadata>
    </additionalMetadata>

</eml:eml>
