<?xml version="1.0" encoding="utf-8"?>
<eml:eml xmlns:eml="eml://ecoinformatics.org/eml-2.1.1" xmlns:xsi="http://www.w3.org/2001/XMLSchema-instance"
         xsi:schemaLocation="eml://ecoinformatics.org/eml-2.1.1 http://rs.gbif.org/schema/eml-gbif-profile/1.2/eml.xsd"
packageId="93c707dc-4708-47fc-93d8-424702116442"  system="http://gbif.org" scope="system"
xml:lang="en">

    <dataset>
            <alternateIdentifier>10.15468/0zjgmj</alternateIdentifier>
                <alternateIdentifier>https://bellatlas.umn.edu:443/collections/misc/collprofiles.php?collid=4</alternateIdentifier>
        <title>Bell Museum fishes</title>
            <creator>
<organizationName>Bell Atlas</organizationName><electronicMailAddress>_</electronicMailAddress><onlineUrl>https://bellatlas.umn.edu:443/index.php</onlineUrl>            </creator>
            <metadataProvider>
<organizationName>Bell Atlas</organizationName><electronicMailAddress>_</electronicMailAddress><onlineUrl>https://bellatlas.umn.edu:443/index.php</onlineUrl>            </metadataProvider>
            <pubDate>
                2023-01-05
            </pubDate>
        <language>ENGLISH</language>
            <abstract>
                    <para>Records of zoological specimens at J. F. Bell Museum of Natural Hitory (University of Minnesota)</para>
            </abstract>
            <intellectualRights>
                    <para>To the extent possible under law, the publisher has waived all rights to these data and has dedicated them to the <ulink url="http://creativecommons.org/publicdomain/zero/1.0/legalcode"><citetitle>Public Domain (CC0 1.0)</citetitle></ulink>. Users may copy, modify, distribute and use the work, including for commercial purposes, without restriction.</para>
            </intellectualRights>
            <contact>
<organizationName>Bell Museum fishes</organizationName><onlineUrl>https://www.bellmuseum.umn.edu/fishes/</onlineUrl>            </contact>

    </dataset>

    <additionalMetadata>
        <metadata>
            <gbif>
                <dateStamp>2023-01-20T19:52:55Z</dateStamp>
                <citation>University of Minnesota Bell Museum (2023). Bell Museum fishes. Occurrence dataset https://doi.org/10.15468/0zjgmj accessed via GBIF.org on 2023-01-20.</citation>
            </gbif>
        </metadata>
    </additionalMetadata>

</eml:eml>
