<?xml version="1.0" encoding="utf-8"?>
<eml:eml xmlns:eml="eml://ecoinformatics.org/eml-2.1.1" xmlns:xsi="http://www.w3.org/2001/XMLSchema-instance"
         xsi:schemaLocation="eml://ecoinformatics.org/eml-2.1.1 http://rs.gbif.org/schema/eml-gbif-profile/1.2/eml.xsd"
packageId="97255e25-4983-4e2b-bf18-2127d29e12a9"  system="http://gbif.org" scope="system"
xml:lang="en">

    <dataset>
            <alternateIdentifier>10.15468/qtg4n6</alternateIdentifier>
                <alternateIdentifier>https://biorepo.neonscience.org/portal/collections/misc/collprofiles.php?collid=66</alternateIdentifier>
        <title>NEON Biorepository Fish Collection (DNA Extracts)</title>
            <creator>
<organizationName>NEON Biorepository Data Portal</organizationName><electronicMailAddress>biorepo@asu.edu</electronicMailAddress><onlineUrl>https://biorepo.neonscience.org/portal/index.php</onlineUrl>            </creator>
            <metadataProvider>
<organizationName>NEON Biorepository Data Portal</organizationName><electronicMailAddress>biorepo@asu.edu</electronicMailAddress><onlineUrl>https://biorepo.neonscience.org/portal/index.php</onlineUrl>            </metadataProvider>
            <associatedParty>
            <individualName>
                    <surName>NEON Biorepository</surName>
            </individualName>
<electronicMailAddress>biorepo@asu.edu</electronicMailAddress>            <role>CONTENT_PROVIDER</role>
            </associatedParty>
            <associatedParty>
            <individualName>
<givenName>Azhar</givenName>                    <surName>Husain</surName>
            </individualName>
<positionName>Collection Manager</positionName>            <role>CONTENT_PROVIDER</role>
            </associatedParty>
            <associatedParty>
            <individualName>
<givenName>Laura</givenName>                    <surName>Rocha Prado</surName>
            </individualName>
<positionName>Bioinformatician</positionName><electronicMailAddress>lauraprado@asu.edu</electronicMailAddress>            <userId directory="https://orcid.org/">0000-0003-1237-2824</userId>
            <role>CONTENT_PROVIDER</role>
            </associatedParty>
            <pubDate>
                2023-01-11
            </pubDate>
        <language>ENGLISH</language>
            <abstract>
                    <para>This collection contains genetic extracts from select fish collected during fish sampling at aquatic sites (NEON sample class: mam_barcoding_in.dnaSubsampleID.fsh). Fish are sampled using a combination of electrofishing, gill-nets and mini-fyke nets in wadeable streams and lakes. Fin clips are collected from 5-10 individuals of a target species. Tissues are preserved in an appropriate tissue vial and shipped to an external lab. DNA is extracted and target sequences amplified via PCR. Barcodes of cytochrome oxidase are generated per specimen. Genetic extracts in 96-well plates from the external lab are archived in the NEON Biorepository at -80 degrees Celsius. See related links below for protocols and NEON related data products. Information about the Canadian Centre for DNA Barcoding (external lab) can be found at https://ccdb.ca/.</para>
            </abstract>
            <intellectualRights>
                    <para>To the extent possible under law, the publisher has waived all rights to these data and has dedicated them to the <ulink url="http://creativecommons.org/publicdomain/zero/1.0/legalcode"><citetitle>Public Domain (CC0 1.0)</citetitle></ulink>. Users may copy, modify, distribute and use the work, including for commercial purposes, without restriction.</para>
            </intellectualRights>
            <contact>
<organizationName>NEON Biorepository Fish Collection (DNA Extracts)</organizationName><electronicMailAddress>biorepo@asu.edu</electronicMailAddress><onlineUrl>https://data.neonscience.org/data-products/DP1.20105.001</onlineUrl>            </contact>

    </dataset>

    <additionalMetadata>
        <metadata>
            <gbif>
                <dateStamp>2023-01-20T19:53:03Z</dateStamp>
                <citation>National Ecological Observatory Network (2023). NEON Biorepository Fish Collection (DNA Extracts). Occurrence dataset https://doi.org/10.15468/qtg4n6 accessed via GBIF.org on 2023-01-20.</citation>
            </gbif>
        </metadata>
    </additionalMetadata>

</eml:eml>
