<?xml version="1.0" encoding="utf-8"?>
<eml:eml xmlns:eml="eml://ecoinformatics.org/eml-2.1.1" xmlns:xsi="http://www.w3.org/2001/XMLSchema-instance"
         xsi:schemaLocation="eml://ecoinformatics.org/eml-2.1.1 http://rs.gbif.org/schema/eml-gbif-profile/1.2/eml.xsd"
packageId="c2e3081a-ba91-40cf-b2df-9885a24b37dc"  system="http://gbif.org" scope="system"
xml:lang="en">

    <dataset>
            <alternateIdentifier>10.15468/d7eitf</alternateIdentifier>
                <alternateIdentifier>https://www.gbif.se/ipt/resource?r=nrm-fishes</alternateIdentifier>
                <alternateIdentifier>http://www.gbif.se/ipt/resource?r=nrm-fishes</alternateIdentifier>
                <alternateIdentifier>http://www.gbif.se/ipt/resource.do?r=nrm-fishes</alternateIdentifier>
                <alternateIdentifier>c2e3081a-ba91-40cf-b2df-9885a24b37dc</alternateIdentifier>
                <alternateIdentifier>1023</alternateIdentifier>
        <title>Fish Collection NRM</title>
            <creator>
            <individualName>
<givenName>Bo</givenName>                    <surName>Delling</surName>
            </individualName>
<organizationName>Swedish Museum of Natural History</organizationName><positionName>Curator</positionName>            <address>
<city>Stockholm</city><country>SWEDEN</country>            </address>
<electronicMailAddress>bo.delling@nrm.se</electronicMailAddress>            <userId directory="http://orcid.org/">0000-0001-9148-9574</userId>
            </creator>
            <metadataProvider>
            <individualName>
<givenName>Bo</givenName>                    <surName>Delling</surName>
            </individualName>
<organizationName>Swedish Museum of Natural History</organizationName><positionName>Curator</positionName>            <address>
<city>Stockholm</city><country>SWEDEN</country>            </address>
<electronicMailAddress>bo.delling@nrm.se</electronicMailAddress>            <userId directory="http://orcid.org/">0000-0001-9148-9574</userId>
            </metadataProvider>
            <metadataProvider>
            <individualName>
<givenName>Kevin</givenName>                    <surName>Holston</surName>
            </individualName>
<organizationName>Swedish Museum of Natural History</organizationName><positionName>Curator</positionName>            <address>
<city>Stockholm</city><country>SWEDEN</country>            </address>
<electronicMailAddress>kevin.holston@nrm.se</electronicMailAddress>            <userId directory="http://orcid.org/">0000-0002-0786-4069</userId>
            </metadataProvider>
            <associatedParty>
            <individualName>
<givenName>Manash</givenName>                    <surName>Shah</surName>
            </individualName>
<organizationName>Swedish Museum of Natural History</organizationName><positionName>Systems Architect</positionName>            <address>
<city>Stockholm</city><country>SWEDEN</country>            </address>
<electronicMailAddress>manash.shah@nrm.se</electronicMailAddress>            <role>PROGRAMMER</role>
            </associatedParty>
            <pubDate>
                2023-01-15
            </pubDate>
        <language>ENGLISH</language>
            <abstract>
                    <para>This database contains information on the so far registered specimens in the fish collection of the Swedish Museum of Natural History. The database is managed with The Artedian collection management system in MS-Access. The main tables describe collecting events and collection objects which are related on a one to many relationships. The database is Darwin Core compatible but uses alternative table names and includes also loan routines, document management and other components of collection management. Principal items managed are objects (catalog number, identification, number of specimens, sex size, location in collection, collection space, preservative, identifier, etc.); localities (collecting events with date, collector, geographic information including coordinates, and more), collecting site habitat; loans (with extensive metadata), accession information (date of accession, donors, acquisition conditions etc., specimen preservation progress). DNA samples are managed as subsamples of objects. Specimen and collecting site images are managed with extensive metadata. The database has a web presentation at http://artedi.nrm.se/nrmfish.</para>
            </abstract>
                <keywordSet>
                        <keyword>preserved specimens</keyword>
                        <keyword>fish</keyword>
                        <keyword>pisces</keyword>
                        <keyword>Occurrence</keyword>
                        <keywordThesaurus>GBIF Dataset Type Vocabulary: http://rs.gbif.org/vocabulary/gbif/dataset_type.xml</keywordThesaurus>
                </keywordSet>
                <keywordSet>
                        <keyword>Occurrence</keyword>
                        <keywordThesaurus>GBIF Dataset Type Vocabulary: http://rs.gbif.org/vocabulary/gbif/dataset_type_2015-07-10.xml</keywordThesaurus>
                </keywordSet>
                <keywordSet>
                        <keyword>Specimen</keyword>
                        <keywordThesaurus>GBIF Dataset Subtype Vocabulary: http://rs.gbif.org/vocabulary/gbif/dataset_subtype.xml</keywordThesaurus>
                </keywordSet>
            <intellectualRights>
                    <para>To the extent possible under law, the publisher has waived all rights to these data and has dedicated them to the <ulink url="http://creativecommons.org/publicdomain/zero/1.0/legalcode"><citetitle>Public Domain (CC0 1.0)</citetitle></ulink>. Users may copy, modify, distribute and use the work, including for commercial purposes, without restriction.</para>
            </intellectualRights>
            <distribution scope="document">
                <online>
                    <url function="information">http://www.nrm.se/en/forskningochsamlingar/zoologi/samlingar/vertebrater.9002804.html</url>
                </online>
            </distribution>
            <coverage>
                    <geographicCoverage>
                            <geographicDescription>Fishes from the whole world.</geographicDescription>
                            <boundingCoordinates>
                                <westBoundingCoordinate>-180</westBoundingCoordinate>
                                <eastBoundingCoordinate>180</eastBoundingCoordinate>
                                <northBoundingCoordinate>90</northBoundingCoordinate>
                                <southBoundingCoordinate>-90</southBoundingCoordinate>
                            </boundingCoordinates>
                    </geographicCoverage>
            </coverage>
            <maintenance>
                <description>
                    <para></para>
                </description>
                <maintenanceUpdateFrequency>unkown</maintenanceUpdateFrequency>
            </maintenance>
            <contact>
            <individualName>
<givenName>Bo</givenName>                    <surName>Delling</surName>
            </individualName>
<organizationName>Swedish Museum of Natural History</organizationName><positionName>Curator</positionName>            <address>
<city>Stockholm</city><country>SWEDEN</country>            </address>
<electronicMailAddress>bo.delling@nrm.se</electronicMailAddress>            <userId directory="http://orcid.org/">0000-0001-9148-9574</userId>
            </contact>

    </dataset>

    <additionalMetadata>
        <metadata>
            <gbif>
                <dateStamp>2023-01-20T19:53:00Z</dateStamp>
                <citation>Delling B, Holston K (2023). Fish Collection NRM. Version 43.358. Swedish Museum of Natural History. Occurrence dataset https://doi.org/10.15468/d7eitf accessed via GBIF.org on 2023-01-20.</citation>
            </gbif>
        </metadata>
    </additionalMetadata>

</eml:eml>
